{"directed": true, "multigraph": false, "graph": {}, "nodes": [{"id": "KRT300"}, {"id": "KORWOS"}, {"id": "0MATERIAL_ATTR                KRT300"}, {"id": "ZKRDGL04"}, {"id": "0MAT_SALES_TEXT               KRT300"}, {"id": "ZKRDMM11"}, {"id": "0CO_PC_ACT_10                 KRT300"}, {"id": "KRMATSALS"}, {"id": "ZKRDCC03"}, {"id": "0CO_OM_CCA_1                  KRT300"}, {"id": "ZKRDSD13"}, {"id": "1CL_OMAT001                   KRT300"}, {"id": "ZKRDBP07"}, {"id": "0MAT_SALES_ATTR               KRT300"}, {"id": "ZKRDGL07"}, {"id": "ZKRDSD14"}, {"id": "2LIS_03_BF                    KRT300"}, {"id": "ZKRDSD11"}, {"id": "ZBW_MARDH_VIEW                KRT300"}, {"id": "ZKRDBP08"}, {"id": "BW_STOKYSLN                   KORWOS"}, {"id": "PTPCLNT022"}, {"id": "ZBW_MARD_VIEW                 KRT300"}, {"id": "ZKRDGL14"}, {"id": "ZKRDSD01"}, {"id": "ZKRDSD03"}, {"id": "0FI_GL_10                     KRT300"}, {"id": "ZSD0010_BW                    KRT300"}, {"id": "0CUSTOMER_ATTR                KRT300"}, {"id": "0FI_TX_4                      KRT300"}, {"id": "0FI_AP_3                      KRT300"}, {"id": "0GL_ACCOUNT_ATTR              KRT300"}, {"id": "ZKRCPC01"}, {"id": "BW_PAKETLEME                  KORWOS"}, {"id": "ZKRDGL11"}, {"id": "0FI_AR_4                      KRT300"}, {"id": "0CO_OM_OPA_6                  KRT300"}, {"id": "ZKRDGL17"}, {"id": "0MATERIAL_TEXT                KRT300"}, {"id": "0CUST_SALES_ATTR              KRT300"}, {"id": "2LIS_02_SCL                   KRT300"}, {"id": "2LIS_02_SGR                   KRT300"}, {"id": "ZSD_IHRACAT_BW                KRT300"}, {"id": "ZKRDMM12"}, {"id": "0FI_GL_4                      KRT300"}, {"id": "0COSTELMNT_TEXT               KRT300"}, {"id": "0FI_AR_6                      KRT300"}, {"id": "ZTP280"}, {"id": "BW_URETIMPRG                  KORWOS"}, {"id": "1CL_OMAT002                   KRT300"}, {"id": "0FI_AA_11                     KRT300"}, {"id": "0ASSET_ATTR_TEXT              KRT300"}, {"id": "2LIS_02_ITM                   KRT300"}, {"id": "0FI_AP_6                      KRT300"}, {"id": "ZKRDCC04"}, {"id": "0VENDOR_ATTR                  KRT300"}, {"id": "ZKRDMM01"}, {"id": "ZKRDGL12"}, {"id": "ZPPR_COCKPIT_BW               KRT300"}, {"id": "2LIS_02_SCN                   KRT300"}, {"id": "ZBW_URETIM_SERI               KRT300"}, {"id": "2LIS_02_CGR                   KRT300"}, {"id": "ZKRDGL15"}, {"id": "ZBW_URETIM                    KRT300"}, {"id": "ZKRDGL16"}, {"id": "ZEBAN_BW                      KRT300"}, {"id": "ZKRDGL06"}, {"id": "ZBW_KSL_FYT7                  KRT300"}, {"id": "ZKRDPP02"}, {"id": "ZKRDPP05"}, {"id": "ZKRDPP04"}, {"id": "ZFI_YEVMIYE                   KRT300"}, {"id": "ZKRDCC08"}, {"id": "ZKRDPP03"}, {"id": "ZKRDMM06"}, {"id": "ZKRDMM10"}, {"id": "ZBW_KSL_FYT4                  KRT300"}, {"id": "ZBW_MLZGRB_URT                KRT300"}, {"id": "ZKRDAA01"}, {"id": "0COSTELMNT_ATTR               KRT300"}, {"id": "BW_PROSESOZET                 KORWOS"}, {"id": "ZKRDMM05"}, {"id": "0COSTCENTER_ATTR              KRT300"}, {"id": "0CUST_SALES_TEXT              KRT300"}, {"id": "ZBW_MSRFGRP                   KRT300"}, {"id": "0ASSET_AFAB_ATTR              KRT300"}, {"id": "ZKRDBP01"}, {"id": "ZKRCPC02"}, {"id": "ZKRDMM02"}, {"id": "ZKRDCC05"}, {"id": "ZBW_GELIRTABLOSU              KRT300"}, {"id": "0FI_AA_12                     KRT300"}, {"id": "ZKRDMM09"}, {"id": "ZKRDCC07"}, {"id": "ZBW_KSL_FYT2                  KRT300"}, {"id": "0VENDOR_TEXT                  KRT300"}, {"id": "ZBW_SMM_UMM                   KRT300"}, {"id": "ZBW_GELIRGR                   KRT300"}, {"id": "0CUSTOMER_TEXT                KRT300"}, {"id": "ZBW_KSL_FYT6                  KRT300"}, {"id": "0ASSET_AFAB_TEXT              KRT300"}, {"id": "0COORDER_TEXT                 KRT300"}, {"id": "ZBW_KSL_FYT5                  KRT300"}, {"id": "ZKRDGL08"}, {"id": "ZKRDBF11"}, {"id": "ZKRDMM03"}, {"id": "0TRANSTYPE_ATTR               KRT300"}, {"id": "0ASSET_MAIN_TEXT              KRT300"}, {"id": "0COSTCENTER_TEXT              KRT300"}, {"id": "0WORKCENTER_TEXT              KRT300"}, {"id": "0WORKCENTER_ATTR              KRT300"}, {"id": "Z0EXTMATLGRP_TXT              KRT300"}, {"id": "ZBW_KSL_FYT1                  KRT300"}, {"id": "ZBW_MLZBTCGR_URT              KRT300"}, {"id": "ZBW_MALZEME_TKT               KRT300"}, {"id": "ZBW_MLZBTCGR_TKT              KRT300"}, {"id": "0CO_OM_CCA_9                  KRT300"}, {"id": "ZKRDBF18"}, {"id": "ZBW_431_BOM                   KRT300"}, {"id": "ZBW_KSL_FYT3                  KRT300"}, {"id": "ZBW_ILGRP                     KRT300"}, {"id": "ZBW_KSL_FYT8                  KRT300"}, {"id": "ZBW_ULKEGR                    KRT300"}, {"id": "ZKRDBP11"}, {"id": "ZBW_MARV                      KRT300"}, {"id": "ZKRCMM01"}, {"id": "ZKRCMM02"}, {"id": "ZKRCMM03"}, {"id": "ZKRCMM04"}, {"id": "ZKRCMM05"}, {"id": "ZKRCMM06"}, {"id": "ZKRDPC02"}, {"id": "ZKRCSD01"}, {"id": "ZKRCSD02"}, {"id": "ZKRCSD03"}, {"id": "ZKRDAP03"}, {"id": "ZKRDAR03"}, {"id": "ZKRDCC06"}, {"id": "ZKRDBP10"}, {"id": "ZKRDBP09"}, {"id": "ZKRDBF01"}, {"id": "ZKRDGL10"}, {"id": "ZKRDGL09"}, {"id": "ZKRDGL13"}, {"id": "ZKRDBF06"}, {"id": "ZKRDGL20"}, {"id": "ZKRDMM07"}, {"id": "ZKRDMM08"}, {"id": "ZKRDBF04"}, {"id": "ZKRDSD15"}, {"id": "ZKRDTX01"}, {"id": "0FI_GL_10"}, {"id": "0COSTCENTER_ATTR"}, {"id": "0MATERIAL_ATTR"}, {"id": "3FI_GL_IF_TT"}, {"id": "0COSTELMNT_ATTR"}, {"id": "0COSTELMNT_TEXT"}, {"id": "BW_PAKETLEME"}, {"id": "KRMATRIAL"}, {"id": "0CO_PC_ACT_10"}, {"id": "0FI_GL_4"}, {"id": "1CL_OMAT001"}, {"id": "0CO_OM_CCA_1"}, {"id": "ZBW_KSL_FYT7"}, {"id": "ZBW_KSL_FYT4"}, {"id": "0FI_AP_3"}, {"id": "ZKRDMM14"}, {"id": "ZBW_431_BOM"}, {"id": "ZFI_YEVMIYE"}, {"id": "0FI_TX_4"}, {"id": "ZSD0010_BW"}, {"id": "0MATERIAL_TEXT"}, {"id": "ZBW_MARDH_VIEW"}, {"id": "2LIS_03_BF"}, {"id": "2LIS_02_SGR"}, {"id": "0CUSTOMER_ATTR"}, {"id": "ZEBAN_BW"}, {"id": "2LIS_02_CGR"}, {"id": "ZBW_MARD_VIEW"}, {"id": "2LIS_02_SCL"}, {"id": "0MAT_SALES_TEXT"}, {"id": "0FI_AR_6"}, {"id": "ZSD_IHRACAT_BW"}, {"id": "2LIS_02_ITM"}, {"id": "0FI_AP_6"}, {"id": "ZKRDSD02"}, {"id": "0MAT_SALES_ATTR"}, {"id": "ZBW_KSL_FYT6"}, {"id": "ZBW_KSL_FYT5"}, {"id": "0FI_AR_4"}, {"id": "2LIS_02_SCN"}, {"id": "ZTRM_VAL_STORE"}, {"id": "ZPPR_COCKPIT_BW"}, {"id": "ZBW_KSL_FYT1"}, {"id": "0CUST_SALES_ATTR"}, {"id": "BW_STOKYSLN"}, {"id": "KRCUSTMER"}, {"id": "0VENDOR_TEXT"}, {"id": "0GL_ACCOUNT"}, {"id": "Z0EXTMATLGRP_TXT"}, {"id": "0VENDOR_ATTR"}, {"id": "0WORKCENTER_ATTR"}, {"id": "ZBW_MLZBTCGR_TKT"}, {"id": "0CUSTOMER_TEXT"}, {"id": "ZKRDCC02"}, {"id": "0GL_ACCOUNT_ATTR"}, {"id": "1CL_OMAT002"}, {"id": "ZBW_URETIM"}, {"id": "0CUST_SALES_TEXT"}, {"id": "KRCUSTSLS"}, {"id": "ZBW_ULKEGR"}, {"id": "0COSTELMNT"}, {"id": "0WORKCENTER_TEXT"}, {"id": "BW_PROSESOZET"}, {"id": "ZKRDAR04"}, {"id": "ZFI_TTK_T0002"}, {"id": "KRBATCH"}, {"id": "ZBW_KSL_FYT3"}, {"id": "0ASSET"}, {"id": "ZBW_MLZBTCGR_URT"}, {"id": "ZBW_URETIM_SERI"}, {"id": "0COSTCENTER_0101_HIER"}, {"id": "ZKRDAP04"}, {"id": "KRGNVENDR"}, {"id": "0ASSET_MAIN"}, {"id": "ZBW_MARV"}, {"id": "ZBW_MLZGRB_URT"}, {"id": "BW_URETIMPRG"}, {"id": "ZBW_SMM_UMM"}, {"id": "0COSTELMNT_0102_HIER"}, {"id": "ZBW_KSL_FYT8"}, {"id": "ZBW_GELIRTABLOSU"}, {"id": "ZBW_KSL_FYT2"}, {"id": "ZBW_ILGRP"}, {"id": "ZBW_MSRFGRP"}, {"id": "ZBW_GELIRGR"}, {"id": "ZFI_TTK_T0001"}, {"id": "ZBW_MALZEME_TKT"}, {"id": "ZKRDSD10"}, {"id": "ZKRDPC01"}, {"id": "ZKRDSD07"}, {"id": "ZKRDZT08"}, {"id": "ZKRDAA03"}, {"id": "0COSTCENTER"}, {"id": "ZKRDZT03"}, {"id": "0ASSET_AFAB"}, {"id": "ZKRDCC09"}, {"id": "KRVENDOR"}, {"id": "ZKRDZT10"}, {"id": "ZKRDSD05"}, {"id": "ZKRDZT11"}, {"id": "ZKRDZT04"}, {"id": "ZKRDSD09"}, {"id": "0COORDER"}, {"id": "ZKRDSD08"}, {"id": "ZKRDAA02"}, {"id": "0TRANSTYPE"}, {"id": "KRWRKCNTR"}, {"id": "KRXTMTLGR"}, {"id": "ZKRDSD04"}, {"id": "ZKRDZT06"}, {"id": "ZKRDZT09"}, {"id": "ZKRDZT07"}, {"id": "ZKRDCC01"}, {"id": "ZKRDBF08"}, {"id": "ZKRDMM04"}, {"id": "ZKRDSD06"}, {"id": "ZKRDZT02"}, {"id": "ZKRDSD12"}, {"id": "ZKRDZT01"}, {"id": "ZKRDMM13"}, {"id": "ZREP_ZKRMMM01_Q001"}, {"id": "ZREP_DASH_ZKRMSD03_Q001"}, {"id": "ZREP_ZKRMSD03_Q012_1"}, {"id": "ZREP_ZKRMSD03_Q006"}, {"id": "ZREP_ZKRMSD03_Q012SIL"}, {"id": "ZREP_ZKRMSD03_Q004"}, {"id": "ZREP_ZKRMSD03_Q012"}, {"id": "ZREP_ZKRMSD02_Q001"}, {"id": "ZREP_ZKRMSD03_Q011"}, {"id": "ZREP_ZKRMSD03_Q001TEST"}, {"id": "ZREP_ZKRMSD03_Q003"}, {"id": "ZYEDEK_ZKRMSD03_SIL"}, {"id": "ZREP_ZKRMSD03_Q009"}, {"id": "ZREP_ZKRMSD03_Q014"}, {"id": "ZREP_ZKRMSD03_Q013"}, {"id": "ZREP_DASH_ZKRMSD03_Q003"}, {"id": "ZREP_ZKRMMM03_Q001"}, {"id": "ZREP_ZKRMSD03_Q008"}, {"id": "ZREP_DASH_ZKRMSD03_Q002"}, {"id": "ZREP_ZKRMSD03_Q010"}, {"id": "ZREP_ZKRMSD03_Q002"}, {"id": "ZREP_ZKRMSD03_Q006SIL"}, {"id": "ZREP_ZKRMSD03_Q001"}, {"id": "ZREP_ZKRMMM03_Q001SIL"}, {"id": "ZREP_ZKRMSD02_Q002"}, {"id": "ZREP_ZKRMSD03_Q005"}, {"id": "ZREP_DASH_ZKRMSD03_Q004"}, {"id": "ZREP_DASH_ZKRMSD02_Q001"}, {"id": "ZREP_ZKRMSD03_Q007"}, {"id": "ZREP_ZKRMSD03_Q002SIL"}, {"id": "ZREP_ZKRMMM04_Q001"}, {"id": "ZREP_ZKRMMM09_Q001"}, {"id": "ZREP_ZKRMMM06_Q001"}, {"id": "ZREP_ZKRMSD01_TEST"}, {"id": "ZREP_ZKRMSD01_Q003"}, {"id": "ZREP_ZKRMSD01_Q012_TEST"}, {"id": "ZREP_ZKRMSD01_Q006"}, {"id": "ZREP_ZKRMPC01_Q001"}, {"id": "ZREP_ZKRMSD01_Q010"}, {"id": "ZREP_ZKRMSD01_Q004"}, {"id": "ZREP_ZKRMSD01_Q008"}, {"id": "ZREP_ZKRMSD01_Q012"}, {"id": "ZREP_ZKRMSD01_Q007"}, {"id": "ZREP_ZKRMPC01_Q002"}, {"id": "ZREP_ZKRMSD01_Q005"}, {"id": "ZREP_ZKRMSD01_Q011"}, {"id": "ZREP_ZKRMSD01_Q002"}, {"id": "ZREP_ZKRMSD01_Q001"}, {"id": "ZREP_ZKRMSD01_Q003TEST"}, {"id": "ZREP_ZKRMSD01_Q010_TESTT"}, {"id": "ZREP_ZKRMAP01_Q001"}, {"id": "ZREP_ZKRMAR01_Q003"}, {"id": "ZREP_ZKRMAR01_Q002"}, {"id": "ZREP_ZKRMAR01_Q001"}, {"id": "ZREP_ZKRMCC01_Q001"}, {"id": "ZREP_ZKRMCC01_Q002TEST1"}, {"id": "ZREP_ZKRMCC01_Q002TEST"}, {"id": "ZREP_ZKRMGL03_Q001"}, {"id": "ZREP_ZKRMCC01_Q002"}, {"id": "ZREP_ZKRMCC01_Q001_08022019"}, {"id": "ZREP_ZKRMPC02_Q001"}, {"id": "ZREP_ZKRMGL02_Q006_20180410"}, {"id": "ZREP_ZKRMGL02_Q011_20180410"}, {"id": "ZREP_ZKRMGL02_Q010_20180410"}, {"id": "ZREP_ZKRMGL02_Q006_20180405"}, {"id": "ZREP_ZKRMGL02_Q007"}, {"id": "ZREP_ZKRMGL02_Q001"}, {"id": "ZREP_ZKRMGL02_Q010"}, {"id": "ZREP_ZKRMGL02_Q008_20180410"}, {"id": "ZREP_ZKRMGL02_Q002"}, {"id": "ZSIL_ZREP_ZKRMGL02_Q006_2"}, {"id": "ZREP_ZKRMGL02_Q005"}, {"id": "ZREP_ZKRMGL02_RF_Q001"}, {"id": "ZREP_ZKRMGL02_Q002TEST"}, {"id": "ZREP_ZKRMGL02_Q003"}, {"id": "ZREP_ZKRMGL02_Q007_COPY"}, {"id": "ZREP_ZKRMGL02_Q006"}, {"id": "ZREP_ZKRMGL02_Q007_20180410"}, {"id": "ZREP_ZKRMGL02_Q004"}, {"id": "ZREP_ZKRMGL02_Q011"}, {"id": "ZREP_ZKRMGL02_Q009"}, {"id": "ZREP_ZKRMGL02_Q008"}, {"id": "ZREP_ZKRMGL02_Q008TEST"}, {"id": "ZREP_ZKRMPC03_Q001"}, {"id": "ZREP_ZKRMGL01_Q001"}, {"id": "ZREP_ZKRMPP02_Q001"}, {"id": "ZREP_ZKRMMM02_Q001"}, {"id": "ZREP_ZKRMMM02_Q002"}, {"id": "ZREP_ZKRMMM05_Q001"}, {"id": "ZREP_ZKRMMM07_Q001"}, {"id": "ZREP_ZKRMMM08_Q001"}, {"id": "ZREP_ZKRMMM10_Q001"}, {"id": "ZREP_ZKRMMM10_Q001TEST"}, {"id": "ZREP_ZKRMPP01_Q001"}, {"id": "ZREP_ZKRMPC04_Q001TEST"}, {"id": "ZREP_ZKRMPC04_Q001"}, {"id": "ZREP_ZKRMPC04_Q001TEST1"}, {"id": "ZREP_ZKRMPC04_Q002"}, {"id": "ZREP_ZKRMTX01_Q001"}], "links": [{"source": "KRT300", "target": "0FI_GL_10"}, {"source": "KRT300", "target": "0COSTCENTER_ATTR"}, {"source": "KRT300", "target": "0MATERIAL_ATTR"}, {"source": "KRT300", "target": "3FI_GL_IF_TT"}, {"source": "KRT300", "target": "0COSTELMNT_ATTR"}, {"source": "KRT300", "target": "0COSTELMNT_TEXT"}, {"source": "KRT300", "target": "0CO_PC_ACT_10"}, {"source": "KRT300", "target": "0FI_GL_4"}, {"source": "KRT300", "target": "1CL_OMAT001"}, {"source": "KRT300", "target": "0CO_OM_CCA_1"}, {"source": "KRT300", "target": "ZBW_KSL_FYT7"}, {"source": "KRT300", "target": "ZBW_KSL_FYT4"}, {"source": "KRT300", "target": "0FI_AP_3"}, {"source": "KRT300", "target": "ZBW_431_BOM"}, {"source": "KRT300", "target": "ZFI_YEVMIYE"}, {"source": "KRT300", "target": "0FI_TX_4"}, {"source": "KRT300", "target": "ZSD0010_BW"}, {"source": "KRT300", "target": "0MATERIAL_TEXT"}, {"source": "KRT300", "target": "ZBW_MARDH_VIEW"}, {"source": "KRT300", "target": "2LIS_03_BF"}, {"source": "KRT300", "target": "2LIS_02_SGR"}, {"source": "KRT300", "target": "0CUSTOMER_ATTR"}, {"source": "KRT300", "target": "ZEBAN_BW"}, {"source": "KRT300", "target": "2LIS_02_CGR"}, {"source": "KRT300", "target": "ZBW_MARD_VIEW"}, {"source": "KRT300", "target": "2LIS_02_SCL"}, {"source": "KRT300", "target": "0MAT_SALES_TEXT"}, {"source": "KRT300", "target": "0FI_AR_6"}, {"source": "KRT300", "target": "ZSD_IHRACAT_BW"}, {"source": "KRT300", "target": "2LIS_02_ITM"}, {"source": "KRT300", "target": "0FI_AP_6"}, {"source": "KRT300", "target": "0MAT_SALES_ATTR"}, {"source": "KRT300", "target": "ZBW_KSL_FYT6"}, {"source": "KRT300", "target": "ZBW_KSL_FYT5"}, {"source": "KRT300", "target": "0FI_AR_4"}, {"source": "KRT300", "target": "2LIS_02_SCN"}, {"source": "KRT300", "target": "ZPPR_COCKPIT_BW"}, {"source": "KRT300", "target": "ZBW_KSL_FYT1"}, {"source": "KRT300", "target": "0CUST_SALES_ATTR"}, {"source": "KRT300", "target": "0VENDOR_TEXT"}, {"source": "KRT300", "target": "Z0EXTMATLGRP_TXT"}, {"source": "KRT300", "target": "0VENDOR_ATTR"}, {"source": "KRT300", "target": "0WORKCENTER_ATTR"}, {"source": "KRT300", "target": "ZBW_MLZBTCGR_TKT"}, {"source": "KRT300", "target": "0CUSTOMER_TEXT"}, {"source": "KRT300", "target": "0GL_ACCOUNT_ATTR"}, {"source": "KRT300", "target": "1CL_OMAT002"}, {"source": "KRT300", "target": "ZBW_URETIM"}, {"source": "KRT300", "target": "0CUST_SALES_TEXT"}, {"source": "KRT300", "target": "ZBW_ULKEGR"}, {"source": "KRT300", "target": "0WORKCENTER_TEXT"}, {"source": "KRT300", "target": "ZBW_KSL_FYT3"}, {"source": "KRT300", "target": "ZBW_MLZBTCGR_URT"}, {"source": "KRT300", "target": "ZBW_URETIM_SERI"}, {"source": "KRT300", "target": "0COSTCENTER_0101_HIER"}, {"source": "KRT300", "target": "ZBW_MARV"}, {"source": "KRT300", "target": "ZBW_MLZGRB_URT"}, {"source": "KRT300", "target": "ZBW_SMM_UMM"}, {"source": "KRT300", "target": "0COSTELMNT_0102_HIER"}, {"source": "KRT300", "target": "ZBW_KSL_FYT8"}, {"source": "KRT300", "target": "ZBW_GELIRTABLOSU"}, {"source": "KRT300", "target": "ZBW_KSL_FYT2"}, {"source": "KRT300", "target": "ZBW_ILGRP"}, {"source": "KRT300", "target": "ZBW_MSRFGRP"}, {"source": "KRT300", "target": "ZBW_GELIRGR"}, {"source": "KRT300", "target": "ZBW_MALZEME_TKT"}, {"source": "KORWOS", "target": "BW_PAKETLEME"}, {"source": "KORWOS", "target": "BW_STOKYSLN"}, {"source": "KORWOS", "target": "BW_PROSESOZET"}, {"source": "KORWOS", "target": "BW_URETIMPRG"}, {"source": "0MATERIAL_ATTR                KRT300", "target": "KRMATRIAL"}, {"source": "ZKRDGL04", "target": "ZKRDCC04"}, {"source": "ZKRDGL04", "target": "ZKRDGL12"}, {"source": "ZKRDGL04", "target": "ZKRDGL08"}, {"source": "ZKRDGL04", "target": "ZKRDGL07"}, {"source": "ZKRDGL04", "target": "ZKRDGL09"}, {"source": "ZKRDGL04", "target": "ZKRDGL10"}, {"source": "ZKRDGL04", "target": "ZKRDGL14"}, {"source": "ZKRDGL04", "target": "ZKRDGL13"}, {"source": "ZKRDGL04", "target": "ZKRDCC08"}, {"source": "ZKRDGL04", "target": "ZKRDCC07"}, {"source": "ZKRDGL04", "target": "ZREP_ZKRMGL01_Q001"}, {"source": "ZKRDGL04", "target": "ZREP_ZKRMGL03_Q001"}, {"source": "0MAT_SALES_TEXT               KRT300", "target": "KRMATSALS"}, {"source": "ZKRDMM11", "target": "ZKRDMM14"}, {"source": "0CO_PC_ACT_10                 KRT300", "target": "ZKRCPC01"}, {"source": "KRMATSALS", "target": "KRMATRIAL"}, {"source": "ZKRDCC03", "target": "ZKRDCC04"}, {"source": "0CO_OM_CCA_1                  KRT300", "target": "ZKRDCC03"}, {"source": "ZKRDSD13", "target": "ZKRDSD14"}, {"source": "ZKRDSD13", "target": "ZKRCSD03"}, {"source": "1CL_OMAT001                   KRT300", "target": "KRMATRIAL"}, {"source": "ZKRDBP07", "target": "ZKRDBP09"}, {"source": "0MAT_SALES_ATTR               KRT300", "target": "KRMATSALS"}, {"source": "ZKRDGL07", "target": "ZKRDGL11"}, {"source": "ZKRDGL07", "target": "ZREP_ZKRMGL03_Q001"}, {"source": "ZKRDGL07", "target": "ZREP_ZKRMGL01_Q001"}, {"source": "ZKRDSD14", "target": "ZKRDGL20"}, {"source": "ZKRDSD14", "target": "ZREP_ZKRMPC03_Q001"}, {"source": "2LIS_03_BF                    KRT300", "target": "ZKRCMM02"}, {"source": "ZKRDSD11", "target": "ZKRDSD02"}, {"source": "ZBW_MARDH_VIEW                KRT300", "target": "ZKRDMM12"}, {"source": "ZKRDBP08", "target": "ZKRDBP10"}, {"source": "BW_STOKYSLN                   KORWOS", "target": "ZKRDMM01"}, {"source": "PTPCLNT022", "target": "ZTRM_VAL_STORE"}, {"source": "ZBW_MARD_VIEW                 KRT300", "target": "ZKRDMM11"}, {"source": "ZKRDGL14", "target": "ZKRDGL15"}, {"source": "ZKRDGL14", "target": "ZREP_ZKRMGL03_Q001"}, {"source": "ZKRDGL14", "target": "ZREP_ZKRMGL01_Q001"}, {"source": "ZKRDSD01", "target": "ZKRDSD15"}, {"source": "ZKRDSD01", "target": "ZKRDTX01"}, {"source": "ZKRDSD01", "target": "ZKRCSD01"}, {"source": "ZKRDSD01", "target": "ZKRDSD13"}, {"source": "ZKRDSD01", "target": "ZKRDSD11"}, {"source": "ZKRDSD01", "target": "ZKRDPC01"}, {"source": "ZKRDSD03", "target": "ZKRDSD02"}, {"source": "ZKRDSD03", "target": "ZKRDSD13"}, {"source": "ZKRDSD03", "target": "ZKRCSD02"}, {"source": "0FI_GL_10                     KRT300", "target": "ZKRDGL06"}, {"source": "ZSD0010_BW                    KRT300", "target": "ZKRDSD01"}, {"source": "0CUSTOMER_ATTR                KRT300", "target": "KRCUSTMER"}, {"source": "0FI_TX_4                      KRT300", "target": "ZKRDTX01"}, {"source": "0FI_AP_3                      KRT300", "target": "ZKRDAP03"}, {"source": "0GL_ACCOUNT_ATTR              KRT300", "target": "0GL_ACCOUNT"}, {"source": "ZKRCPC01", "target": "ZKRDPC02"}, {"source": "ZKRCPC01", "target": "ZREP_ZKRMSD01_Q003"}, {"source": "ZKRCPC01", "target": "ZREP_ZKRMSD01_Q006"}, {"source": "ZKRCPC01", "target": "ZREP_ZKRMSD01_Q012_TEST"}, {"source": "ZKRCPC01", "target": "ZREP_ZKRMPC01_Q001"}, {"source": "ZKRCPC01", "target": "ZREP_ZKRMSD01_TEST"}, {"source": "ZKRCPC01", "target": "ZREP_ZKRMSD01_Q012"}, {"source": "ZKRCPC01", "target": "ZREP_ZKRMPC01_Q002"}, {"source": "ZKRCPC01", "target": "ZREP_ZKRMSD01_Q007"}, {"source": "ZKRCPC01", "target": "ZREP_ZKRMSD01_Q011"}, {"source": "ZKRCPC01", "target": "ZREP_ZKRMSD01_Q008"}, {"source": "ZKRCPC01", "target": "ZREP_ZKRMSD01_Q001"}, {"source": "ZKRCPC01", "target": "ZREP_ZKRMSD01_Q003TEST"}, {"source": "ZKRCPC01", "target": "ZREP_ZKRMSD01_Q010_TESTT"}, {"source": "ZKRCPC01", "target": "ZREP_ZKRMSD01_Q002"}, {"source": "ZKRCPC01", "target": "ZREP_ZKRMSD01_Q010"}, {"source": "ZKRCPC01", "target": "ZREP_ZKRMSD01_Q005"}, {"source": "ZKRCPC01", "target": "ZREP_ZKRMSD01_Q004"}, {"source": "BW_PAKETLEME                  KORWOS", "target": "ZKRDMM02"}, {"source": "ZKRDGL11", "target": "ZKRDGL16"}, {"source": "0FI_AR_4                      KRT300", "target": "ZKRDAR03"}, {"source": "0CO_OM_OPA_6                  KRT300", "target": "ZKRDCC02"}, {"source": "ZKRDGL17", "target": "ZKRDCC05"}, {"source": "0MATERIAL_TEXT                KRT300", "target": "KRMATRIAL"}, {"source": "0CUST_SALES_ATTR              KRT300", "target": "KRCUSTSLS"}, {"source": "2LIS_02_SCL                   KRT300", "target": "ZKRDMM07"}, {"source": "2LIS_02_SGR                   KRT300", "target": "ZKRDMM07"}, {"source": "2LIS_02_SGR                   KRT300", "target": "ZKRDMM10"}, {"source": "ZSD_IHRACAT_BW                KRT300", "target": "ZKRDSD03"}, {"source": "ZKRDMM12", "target": "ZKRDMM14"}, {"source": "0FI_GL_4                      KRT300", "target": "ZKRDGL04"}, {"source": "0COSTELMNT_TEXT               KRT300", "target": "0COSTELMNT"}, {"source": "0FI_AR_6                      KRT300", "target": "ZKRDAR04"}, {"source": "ZTP280", "target": "ZFI_TTK_T0002"}, {"source": "ZTP280", "target": "ZFI_TTK_T0001"}, {"source": "BW_URETIMPRG                  KORWOS", "target": "ZKRDMM06"}, {"source": "1CL_OMAT002                   KRT300", "target": "KRBATCH"}, {"source": "0FI_AA_11                     KRT300", "target": "ZKRDAA01"}, {"source": "0ASSET_ATTR_TEXT              KRT300", "target": "0ASSET"}, {"source": "0ASSET_ATTR_TEXT              KRT300", "target": "0ASSET_MAIN"}, {"source": "2LIS_02_ITM                   KRT300", "target": "ZKRDMM10"}, {"source": "2LIS_02_ITM                   KRT300", "target": "ZKRDMM08"}, {"source": "0FI_AP_6                      KRT300", "target": "ZKRDAP04"}, {"source": "ZKRDCC04", "target": "ZKRDBF01"}, {"source": "ZKRDCC04", "target": "ZREP_ZKRMCC01_Q001"}, {"source": "ZKRDCC04", "target": "ZREP_ZKRMCC01_Q002"}, {"source": "ZKRDCC04", "target": "ZREP_ZKRMCC01_Q001_08022019"}, {"source": "ZKRDCC04", "target": "ZREP_ZKRMCC01_Q002TEST1"}, {"source": "ZKRDCC04", "target": "ZREP_ZKRMCC01_Q002TEST"}, {"source": "ZKRDCC04", "target": "ZREP_ZKRMGL03_Q001"}, {"source": "ZKRDCC04", "target": "ZREP_ZKRMGL01_Q001"}, {"source": "0VENDOR_ATTR                  KRT300", "target": "KRGNVENDR"}, {"source": "0VENDOR_ATTR                  KRT300", "target": "KRVENDOR"}, {"source": "ZKRDMM01", "target": "ZKRCMM01"}, {"source": "ZKRDGL12", "target": "ZKRDGL15"}, {"source": "ZKRDGL12", "target": "ZREP_ZKRMGL03_Q001"}, {"source": "ZKRDGL12", "target": "ZREP_ZKRMGL01_Q001"}, {"source": "ZPPR_COCKPIT_BW               KRT300", "target": "ZKRDMM05"}, {"source": "2LIS_02_SCN                   KRT300", "target": "ZKRDMM10"}, {"source": "ZBW_URETIM_SERI               KRT300", "target": "ZKRDPP05"}, {"source": "2LIS_02_CGR                   KRT300", "target": "ZKRDMM10"}, {"source": "ZKRDGL15", "target": "ZKRDGL17"}, {"source": "ZBW_URETIM                    KRT300", "target": "ZKRDPP04"}, {"source": "ZKRDGL16", "target": "ZKRDBF06"}, {"source": "ZKRDGL16", "target": "ZREP_ZKRMPP02_Q001"}, {"source": "ZEBAN_BW                      KRT300", "target": "ZKRDMM09"}, {"source": "ZKRDGL06", "target": "ZKRCPC02"}, {"source": "ZKRDGL06", "target": "ZKRDBP10"}, {"source": "ZKRDGL06", "target": "ZREP_ZKRMGL02_Q007_COPY"}, {"source": "ZKRDGL06", "target": "ZREP_ZKRMGL02_Q006_20180405"}, {"source": "ZKRDGL06", "target": "ZREP_ZKRMGL02_Q002"}, {"source": "ZKRDGL06", "target": "ZREP_ZKRMGL02_Q006"}, {"source": "ZKRDGL06", "target": "ZREP_ZKRMGL02_Q004"}, {"source": "ZKRDGL06", "target": "ZREP_ZKRMGL02_Q001"}, {"source": "ZKRDGL06", "target": "ZREP_ZKRMGL02_Q011"}, {"source": "ZKRDGL06", "target": "ZREP_ZKRMGL02_Q011_20180410"}, {"source": "ZKRDGL06", "target": "ZREP_ZKRMGL02_Q005"}, {"source": "ZKRDGL06", "target": "ZREP_ZKRMGL02_Q008TEST"}, {"source": "ZKRDGL06", "target": "ZREP_ZKRMGL02_Q002TEST"}, {"source": "ZKRDGL06", "target": "ZREP_ZKRMGL02_Q007_20180410"}, {"source": "ZKRDGL06", "target": "ZSIL_ZREP_ZKRMGL02_Q006_2"}, {"source": "ZKRDGL06", "target": "ZREP_ZKRMGL02_Q003"}, {"source": "ZKRDGL06", "target": "ZREP_ZKRMGL02_RF_Q001"}, {"source": "ZKRDGL06", "target": "ZREP_ZKRMGL02_Q010_20180410"}, {"source": "ZKRDGL06", "target": "ZREP_ZKRMGL02_Q010"}, {"source": "ZKRDGL06", "target": "ZREP_ZKRMGL02_Q009"}, {"source": "ZKRDGL06", "target": "ZREP_ZKRMGL02_Q008"}, {"source": "ZKRDGL06", "target": "ZREP_ZKRMGL02_Q007"}, {"source": "ZKRDGL06", "target": "ZREP_ZKRMGL02_Q006_20180410"}, {"source": "ZKRDGL06", "target": "ZREP_ZKRMGL02_Q008_20180410"}, {"source": "ZBW_KSL_FYT7                  KRT300", "target": "ZKRDSD10"}, {"source": "ZKRDPP02", "target": "ZKRDBF06"}, {"source": "ZKRDPP02", "target": "ZREP_ZKRMPP01_Q001"}, {"source": "ZKRDPP05", "target": "ZKRDPP03"}, {"source": "ZKRDPP04", "target": "ZKRDPP02"}, {"source": "ZFI_YEVMIYE                   KRT300", "target": "ZKRDTX01"}, {"source": "ZKRDCC08", "target": "ZKRDBF01"}, {"source": "ZKRDCC08", "target": "ZREP_ZKRMCC01_Q002"}, {"source": "ZKRDCC08", "target": "ZREP_ZKRMCC01_Q002TEST"}, {"source": "ZKRDCC08", "target": "ZREP_ZKRMCC01_Q002TEST1"}, {"source": "ZKRDCC08", "target": "ZREP_ZKRMCC01_Q001"}, {"source": "ZKRDCC08", "target": "ZREP_ZKRMCC01_Q001_08022019"}, {"source": "ZKRDCC08", "target": "ZREP_ZKRMGL03_Q001"}, {"source": "ZKRDCC08", "target": "ZREP_ZKRMGL01_Q001"}, {"source": "ZKRDPP03", "target": "ZKRDBF06"}, {"source": "ZKRDPP03", "target": "ZREP_ZKRMPP01_Q001"}, {"source": "ZKRDMM06", "target": "ZKRCMM04"}, {"source": "ZKRDMM10", "target": "ZKRDBF04"}, {"source": "ZKRDMM10", "target": "ZREP_ZKRMMM10_Q001TEST"}, {"source": "ZKRDMM10", "target": "ZREP_ZKRMMM10_Q001"}, {"source": "ZBW_KSL_FYT4                  KRT300", "target": "ZKRDSD07"}, {"source": "ZBW_MLZGRB_URT                KRT300", "target": "ZKRDZT08"}, {"source": "ZKRDAA01", "target": "ZKRDAA03"}, {"source": "ZKRDAA01", "target": "ZKRDAA02"}, {"source": "0COSTELMNT_ATTR               KRT300", "target": "0COSTELMNT"}, {"source": "BW_PROSESOZET                 KORWOS", "target": "ZKRDMM03"}, {"source": "ZKRDMM05", "target": "ZKRCMM04"}, {"source": "0COSTCENTER_ATTR              KRT300", "target": "0COSTCENTER"}, {"source": "0CUST_SALES_TEXT              KRT300", "target": "KRCUSTSLS"}, {"source": "ZBW_MSRFGRP                   KRT300", "target": "ZKRDZT03"}, {"source": "0ASSET_AFAB_ATTR              KRT300", "target": "0ASSET_AFAB"}, {"source": "ZKRDBP01", "target": "ZKRDBP10"}, {"source": "ZKRDBP01", "target": "ZKRDCC06"}, {"source": "ZKRCPC02", "target": "ZKRDCC09"}, {"source": "ZKRCPC02", "target": "ZREP_ZKRMGL02_RF_Q001"}, {"source": "ZKRCPC02", "target": "ZREP_ZKRMGL02_Q006"}, {"source": "ZKRCPC02", "target": "ZREP_ZKRMGL02_Q010"}, {"source": "ZKRCPC02", "target": "ZREP_ZKRMGL02_Q011_20180410"}, {"source": "ZKRCPC02", "target": "ZREP_ZKRMGL02_Q007_20180410"}, {"source": "ZKRCPC02", "target": "ZREP_ZKRMGL02_Q007_COPY"}, {"source": "ZKRCPC02", "target": "ZREP_ZKRMGL02_Q008"}, {"source": "ZKRCPC02", "target": "ZREP_ZKRMGL02_Q008TEST"}, {"source": "ZKRCPC02", "target": "ZSIL_ZREP_ZKRMGL02_Q006_2"}, {"source": "ZKRCPC02", "target": "ZREP_ZKRMGL02_Q001"}, {"source": "ZKRCPC02", "target": "ZREP_ZKRMGL02_Q009"}, {"source": "ZKRCPC02", "target": "ZREP_ZKRMGL02_Q003"}, {"source": "ZKRCPC02", "target": "ZREP_ZKRMGL02_Q011"}, {"source": "ZKRCPC02", "target": "ZREP_ZKRMGL02_Q004"}, {"source": "ZKRCPC02", "target": "ZREP_ZKRMGL02_Q002TEST"}, {"source": "ZKRCPC02", "target": "ZREP_ZKRMGL02_Q006_20180405"}, {"source": "ZKRCPC02", "target": "ZREP_ZKRMGL02_Q002"}, {"source": "ZKRCPC02", "target": "ZREP_ZKRMGL02_Q006_20180410"}, {"source": "ZKRCPC02", "target": "ZREP_ZKRMGL02_Q008_20180410"}, {"source": "ZKRCPC02", "target": "ZREP_ZKRMGL02_Q010_20180410"}, {"source": "ZKRCPC02", "target": "ZREP_ZKRMGL02_Q005"}, {"source": "ZKRCPC02", "target": "ZREP_ZKRMGL02_Q007"}, {"source": "ZKRDMM02", "target": "ZKRCMM06"}, {"source": "ZKRDMM02", "target": "ZREP_ZKRMSD03_Q012"}, {"source": "ZKRDMM02", "target": "ZREP_DASH_ZKRMSD03_Q004"}, {"source": "ZKRDMM02", "target": "ZREP_ZKRMSD03_Q011"}, {"source": "ZKRDMM02", "target": "ZREP_ZKRMSD03_Q002SIL"}, {"source": "ZKRDMM02", "target": "ZREP_ZKRMSD03_Q014"}, {"source": "ZKRDMM02", "target": "ZYEDEK_ZKRMSD03_SIL"}, {"source": "ZKRDMM02", "target": "ZREP_ZKRMSD03_Q013"}, {"source": "ZKRDMM02", "target": "ZREP_ZKRMSD03_Q005"}, {"source": "ZKRDMM02", "target": "ZREP_DASH_ZKRMSD03_Q002"}, {"source": "ZKRDMM02", "target": "ZREP_ZKRMSD03_Q003"}, {"source": "ZKRDMM02", "target": "ZREP_ZKRMSD03_Q001TEST"}, {"source": "ZKRDMM02", "target": "ZREP_ZKRMSD03_Q007"}, {"source": "ZKRDMM02", "target": "ZREP_ZKRMSD03_Q012_1"}, {"source": "ZKRDMM02", "target": "ZREP_DASH_ZKRMSD03_Q003"}, {"source": "ZKRDMM02", "target": "ZREP_ZKRMSD03_Q009"}, {"source": "ZKRDMM02", "target": "ZREP_ZKRMSD03_Q008"}, {"source": "ZKRDMM02", "target": "ZREP_ZKRMSD03_Q002"}, {"source": "ZKRDMM02", "target": "ZREP_ZKRMSD03_Q006"}, {"source": "ZKRDMM02", "target": "ZREP_ZKRMSD03_Q001"}, {"source": "ZKRDMM02", "target": "ZREP_DASH_ZKRMSD03_Q001"}, {"source": "ZKRDMM02", "target": "ZREP_ZKRMSD03_Q006SIL"}, {"source": "ZKRDMM02", "target": "ZREP_ZKRMSD03_Q010"}, {"source": "ZKRDMM02", "target": "ZREP_ZKRMSD03_Q004"}, {"source": "ZKRDMM02", "target": "ZREP_ZKRMSD03_Q012SIL"}, {"source": "ZKRDMM02", "target": "ZREP_ZKRMMM02_Q002"}, {"source": "ZKRDMM02", "target": "ZREP_ZKRMMM02_Q001"}, {"source": "ZKRDCC05", "target": "ZKRDBF01"}, {"source": "ZKRDCC05", "target": "ZREP_ZKRMGL02_Q009"}, {"source": "ZKRDCC05", "target": "ZREP_ZKRMGL02_Q002"}, {"source": "ZKRDCC05", "target": "ZREP_ZKRMGL02_Q002TEST"}, {"source": "ZKRDCC05", "target": "ZREP_ZKRMGL02_Q008"}, {"source": "ZKRDCC05", "target": "ZREP_ZKRMGL02_Q001"}, {"source": "ZKRDCC05", "target": "ZREP_ZKRMGL02_Q004"}, {"source": "ZKRDCC05", "target": "ZREP_ZKRMCC01_Q001_08022019"}, {"source": "ZKRDCC05", "target": "ZREP_ZKRMGL02_Q011_20180410"}, {"source": "ZKRDCC05", "target": "ZREP_ZKRMCC01_Q002"}, {"source": "ZKRDCC05", "target": "ZSIL_ZREP_ZKRMGL02_Q006_2"}, {"source": "ZKRDCC05", "target": "ZREP_ZKRMGL02_Q008_20180410"}, {"source": "ZKRDCC05", "target": "ZREP_ZKRMGL02_Q006"}, {"source": "ZKRDCC05", "target": "ZREP_ZKRMGL02_Q006_20180410"}, {"source": "ZKRDCC05", "target": "ZREP_ZKRMGL02_RF_Q001"}, {"source": "ZKRDCC05", "target": "ZREP_ZKRMGL02_Q003"}, {"source": "ZKRDCC05", "target": "ZREP_ZKRMCC01_Q002TEST1"}, {"source": "ZKRDCC05", "target": "ZREP_ZKRMGL02_Q010"}, {"source": "ZKRDCC05", "target": "ZREP_ZKRMGL02_Q008TEST"}, {"source": "ZKRDCC05", "target": "ZREP_ZKRMCC01_Q002TEST"}, {"source": "ZKRDCC05", "target": "ZREP_ZKRMGL02_Q007_20180410"}, {"source": "ZKRDCC05", "target": "ZREP_ZKRMGL02_Q007_COPY"}, {"source": "ZKRDCC05", "target": "ZREP_ZKRMGL02_Q007"}, {"source": "ZKRDCC05", "target": "ZREP_ZKRMGL02_Q010_20180410"}, {"source": "ZKRDCC05", "target": "ZREP_ZKRMCC01_Q001"}, {"source": "ZKRDCC05", "target": "ZREP_ZKRMGL02_Q006_20180405"}, {"source": "ZKRDCC05", "target": "ZREP_ZKRMGL02_Q005"}, {"source": "ZKRDCC05", "target": "ZREP_ZKRMGL02_Q011"}, {"source": "ZBW_GELIRTABLOSU              KRT300", "target": "ZKRDZT10"}, {"source": "0FI_AA_12                     KRT300", "target": "ZKRDAA03"}, {"source": "ZKRDMM09", "target": "ZKRCMM05"}, {"source": "ZKRDMM09", "target": "ZREP_ZKRMMM08_Q001"}, {"source": "ZKRDCC07", "target": "ZKRDBF01"}, {"source": "ZKRDCC07", "target": "ZREP_ZKRMCC01_Q001_08022019"}, {"source": "ZKRDCC07", "target": "ZREP_ZKRMCC01_Q002"}, {"source": "ZKRDCC07", "target": "ZREP_ZKRMCC01_Q002TEST1"}, {"source": "ZKRDCC07", "target": "ZREP_ZKRMCC01_Q001"}, {"source": "ZKRDCC07", "target": "ZREP_ZKRMCC01_Q002TEST"}, {"source": "ZKRDCC07", "target": "ZREP_ZKRMGL03_Q001"}, {"source": "ZKRDCC07", "target": "ZREP_ZKRMGL01_Q001"}, {"source": "ZBW_KSL_FYT2                  KRT300", "target": "ZKRDSD05"}, {"source": "0VENDOR_TEXT                  KRT300", "target": "KRGNVENDR"}, {"source": "0VENDOR_TEXT                  KRT300", "target": "KRVENDOR"}, {"source": "ZBW_SMM_UMM                   KRT300", "target": "ZKRDZT11"}, {"source": "ZBW_GELIRGR                   KRT300", "target": "ZKRDZT04"}, {"source": "0CUSTOMER_TEXT                KRT300", "target": "KRCUSTMER"}, {"source": "ZBW_KSL_FYT6                  KRT300", "target": "ZKRDSD09"}, {"source": "0ASSET_AFAB_TEXT              KRT300", "target": "0ASSET_AFAB"}, {"source": "0COORDER_TEXT                 KRT300", "target": "0COORDER"}, {"source": "ZBW_KSL_FYT5                  KRT300", "target": "ZKRDSD08"}, {"source": "ZKRDGL08", "target": "ZKRDGL11"}, {"source": "ZKRDGL08", "target": "ZREP_ZKRMGL01_Q001"}, {"source": "ZKRDGL08", "target": "ZREP_ZKRMGL03_Q001"}, {"source": "ZKRDBF11", "target": "ZKRDBP10"}, {"source": "ZKRDMM03", "target": "ZKRCMM03"}, {"source": "0TRANSTYPE_ATTR               KRT300", "target": "0TRANSTYPE"}, {"source": "0ASSET_MAIN_TEXT              KRT300", "target": "0ASSET_MAIN"}, {"source": "0COSTCENTER_TEXT              KRT300", "target": "0COSTCENTER"}, {"source": "0WORKCENTER_TEXT              KRT300", "target": "KRWRKCNTR"}, {"source": "0WORKCENTER_ATTR              KRT300", "target": "KRWRKCNTR"}, {"source": "Z0EXTMATLGRP_TXT              KRT300", "target": "KRXTMTLGR"}, {"source": "ZBW_KSL_FYT1                  KRT300", "target": "ZKRDSD04"}, {"source": "ZBW_MLZBTCGR_URT              KRT300", "target": "ZKRDZT06"}, {"source": "ZBW_MALZEME_TKT               KRT300", "target": "ZKRDZT09"}, {"source": "ZBW_MLZBTCGR_TKT              KRT300", "target": "ZKRDZT07"}, {"source": "0CO_OM_CCA_9                  KRT300", "target": "ZKRDCC01"}, {"source": "ZKRDBF18", "target": "ZKRDBF08"}, {"source": "ZBW_431_BOM                   KRT300", "target": "ZKRDMM04"}, {"source": "ZBW_KSL_FYT3                  KRT300", "target": "ZKRDSD06"}, {"source": "ZBW_ILGRP                     KRT300", "target": "ZKRDZT02"}, {"source": "ZBW_KSL_FYT8                  KRT300", "target": "ZKRDSD12"}, {"source": "ZBW_ULKEGR                    KRT300", "target": "ZKRDZT01"}, {"source": "ZKRDBP11", "target": "ZKRDBP10"}, {"source": "ZBW_MARV                      KRT300", "target": "ZKRDMM13"}, {"source": "ZKRCMM01", "target": "ZREP_ZKRMMM01_Q001"}, {"source": "ZKRCMM02", "target": "ZREP_DASH_ZKRMSD03_Q001"}, {"source": "ZKRCMM02", "target": "ZREP_ZKRMSD03_Q012_1"}, {"source": "ZKRCMM02", "target": "ZREP_ZKRMSD03_Q006"}, {"source": "ZKRCMM02", "target": "ZREP_ZKRMSD03_Q012SIL"}, {"source": "ZKRCMM02", "target": "ZREP_ZKRMSD03_Q004"}, {"source": "ZKRCMM02", "target": "ZREP_ZKRMSD03_Q012"}, {"source": "ZKRCMM02", "target": "ZREP_ZKRMSD02_Q001"}, {"source": "ZKRCMM02", "target": "ZREP_ZKRMSD03_Q011"}, {"source": "ZKRCMM02", "target": "ZREP_ZKRMSD03_Q001TEST"}, {"source": "ZKRCMM02", "target": "ZREP_ZKRMSD03_Q003"}, {"source": "ZKRCMM02", "target": "ZYEDEK_ZKRMSD03_SIL"}, {"source": "ZKRCMM02", "target": "ZREP_ZKRMSD03_Q009"}, {"source": "ZKRCMM02", "target": "ZREP_ZKRMSD03_Q014"}, {"source": "ZKRCMM02", "target": "ZREP_ZKRMSD03_Q013"}, {"source": "ZKRCMM02", "target": "ZREP_DASH_ZKRMSD03_Q003"}, {"source": "ZKRCMM02", "target": "ZREP_ZKRMMM03_Q001"}, {"source": "ZKRCMM02", "target": "ZREP_ZKRMSD03_Q008"}, {"source": "ZKRCMM02", "target": "ZREP_DASH_ZKRMSD03_Q002"}, {"source": "ZKRCMM02", "target": "ZREP_ZKRMSD03_Q010"}, {"source": "ZKRCMM02", "target": "ZREP_ZKRMSD03_Q002"}, {"source": "ZKRCMM02", "target": "ZREP_ZKRMSD03_Q006SIL"}, {"source": "ZKRCMM02", "target": "ZREP_ZKRMSD03_Q001"}, {"source": "ZKRCMM02", "target": "ZREP_ZKRMMM03_Q001SIL"}, {"source": "ZKRCMM02", "target": "ZREP_ZKRMSD02_Q002"}, {"source": "ZKRCMM02", "target": "ZREP_ZKRMSD03_Q005"}, {"source": "ZKRCMM02", "target": "ZREP_DASH_ZKRMSD03_Q004"}, {"source": "ZKRCMM02", "target": "ZREP_DASH_ZKRMSD02_Q001"}, {"source": "ZKRCMM02", "target": "ZREP_ZKRMSD03_Q007"}, {"source": "ZKRCMM02", "target": "ZREP_ZKRMSD03_Q002SIL"}, {"source": "ZKRCMM03", "target": "ZREP_ZKRMMM04_Q001"}, {"source": "ZKRCMM04", "target": "ZREP_ZKRMMM09_Q001"}, {"source": "ZKRCMM05", "target": "ZREP_ZKRMMM06_Q001"}, {"source": "ZKRCMM05", "target": "ZREP_ZKRMMM08_Q001"}, {"source": "ZKRCMM06", "target": "ZREP_ZKRMSD03_Q002SIL"}, {"source": "ZKRCMM06", "target": "ZREP_ZKRMSD03_Q010"}, {"source": "ZKRCMM06", "target": "ZREP_ZKRMSD03_Q012_1"}, {"source": "ZKRCMM06", "target": "ZREP_ZKRMSD03_Q013"}, {"source": "ZKRCMM06", "target": "ZREP_ZKRMSD03_Q012SIL"}, {"source": "ZKRCMM06", "target": "ZREP_DASH_ZKRMSD03_Q003"}, {"source": "ZKRCMM06", "target": "ZREP_ZKRMSD03_Q002"}, {"source": "ZKRCMM06", "target": "ZREP_DASH_ZKRMSD03_Q001"}, {"source": "ZKRCMM06", "target": "ZREP_ZKRMSD03_Q001"}, {"source": "ZKRCMM06", "target": "ZREP_ZKRMSD03_Q009"}, {"source": "ZKRCMM06", "target": "ZREP_ZKRMSD03_Q007"}, {"source": "ZKRCMM06", "target": "ZREP_DASH_ZKRMSD03_Q004"}, {"source": "ZKRCMM06", "target": "ZREP_ZKRMSD03_Q012"}, {"source": "ZKRCMM06", "target": "ZREP_ZKRMSD03_Q008"}, {"source": "ZKRCMM06", "target": "ZREP_DASH_ZKRMSD03_Q002"}, {"source": "ZKRCMM06", "target": "ZREP_ZKRMSD03_Q006"}, {"source": "ZKRCMM06", "target": "ZREP_ZKRMSD03_Q001TEST"}, {"source": "ZKRCMM06", "target": "ZREP_ZKRMSD03_Q004"}, {"source": "ZKRCMM06", "target": "ZREP_ZKRMSD03_Q014"}, {"source": "ZKRCMM06", "target": "ZREP_ZKRMSD03_Q005"}, {"source": "ZKRCMM06", "target": "ZREP_ZKRMSD03_Q006SIL"}, {"source": "ZKRCMM06", "target": "ZREP_ZKRMSD03_Q003"}, {"source": "ZKRCMM06", "target": "ZREP_ZKRMSD03_Q011"}, {"source": "ZKRCMM06", "target": "ZYEDEK_ZKRMSD03_SIL"}, {"source": "ZKRCMM06", "target": "ZREP_ZKRMMM02_Q001"}, {"source": "ZKRCMM06", "target": "ZREP_ZKRMMM02_Q002"}, {"source": "ZKRDPC02", "target": "ZREP_ZKRMSD01_TEST"}, {"source": "ZKRDPC02", "target": "ZREP_ZKRMSD01_Q012_TEST"}, {"source": "ZKRDPC02", "target": "ZREP_ZKRMPC01_Q001"}, {"source": "ZKRDPC02", "target": "ZREP_ZKRMSD01_Q010"}, {"source": "ZKRDPC02", "target": "ZREP_ZKRMSD01_Q004"}, {"source": "ZKRDPC02", "target": "ZREP_ZKRMSD01_Q008"}, {"source": "ZKRDPC02", "target": "ZREP_ZKRMSD01_Q012"}, {"source": "ZKRDPC02", "target": "ZREP_ZKRMSD01_Q007"}, {"source": "ZKRDPC02", "target": "ZREP_ZKRMPC01_Q002"}, {"source": "ZKRDPC02", "target": "ZREP_ZKRMSD01_Q005"}, {"source": "ZKRDPC02", "target": "ZREP_ZKRMSD01_Q003"}, {"source": "ZKRDPC02", "target": "ZREP_ZKRMSD01_Q002"}, {"source": "ZKRDPC02", "target": "ZREP_ZKRMSD01_Q011"}, {"source": "ZKRDPC02", "target": "ZREP_ZKRMSD01_Q001"}, {"source": "ZKRDPC02", "target": "ZREP_ZKRMSD01_Q006"}, {"source": "ZKRDPC02", "target": "ZREP_ZKRMSD01_Q003TEST"}, {"source": "ZKRDPC02", "target": "ZREP_ZKRMSD01_Q010_TESTT"}, {"source": "ZKRCSD01", "target": "ZREP_ZKRMSD03_Q002SIL"}, {"source": "ZKRCSD01", "target": "ZREP_ZKRMSD01_Q011"}, {"source": "ZKRCSD01", "target": "ZREP_DASH_ZKRMSD03_Q001"}, {"source": "ZKRCSD01", "target": "ZREP_ZKRMSD03_Q012SIL"}, {"source": "ZKRCSD01", "target": "ZYEDEK_ZKRMSD03_SIL"}, {"source": "ZKRCSD01", "target": "ZREP_ZKRMSD03_Q001"}, {"source": "ZKRCSD01", "target": "ZREP_ZKRMSD01_Q006"}, {"source": "ZKRCSD01", "target": "ZREP_ZKRMSD01_Q004"}, {"source": "ZKRCSD01", "target": "ZREP_ZKRMSD03_Q013"}, {"source": "ZKRCSD01", "target": "ZREP_ZKRMSD01_Q001"}, {"source": "ZKRCSD01", "target": "ZREP_ZKRMSD03_Q007"}, {"source": "ZKRCSD01", "target": "ZREP_ZKRMSD03_Q008"}, {"source": "ZKRCSD01", "target": "ZREP_ZKRMSD01_Q010_TESTT"}, {"source": "ZKRCSD01", "target": "ZREP_ZKRMSD03_Q012"}, {"source": "ZKRCSD01", "target": "ZREP_ZKRMSD03_Q002"}, {"source": "ZKRCSD01", "target": "ZREP_ZKRMSD01_Q002"}, {"source": "ZKRCSD01", "target": "ZREP_ZKRMSD03_Q005"}, {"source": "ZKRCSD01", "target": "ZREP_ZKRMSD03_Q009"}, {"source": "ZKRCSD01", "target": "ZREP_ZKRMSD01_Q007"}, {"source": "ZKRCSD01", "target": "ZREP_ZKRMSD01_Q010"}, {"source": "ZKRCSD01", "target": "ZREP_ZKRMSD01_Q012_TEST"}, {"source": "ZKRCSD01", "target": "ZREP_ZKRMSD03_Q006SIL"}, {"source": "ZKRCSD01", "target": "ZREP_ZKRMSD01_Q003TEST"}, {"source": "ZKRCSD01", "target": "ZREP_ZKRMSD03_Q001TEST"}, {"source": "ZKRCSD01", "target": "ZREP_ZKRMSD01_Q012"}, {"source": "ZKRCSD01", "target": "ZREP_DASH_ZKRMSD03_Q002"}, {"source": "ZKRCSD01", "target": "ZREP_ZKRMSD03_Q003"}, {"source": "ZKRCSD01", "target": "ZREP_DASH_ZKRMSD03_Q003"}, {"source": "ZKRCSD01", "target": "ZREP_ZKRMSD03_Q006"}, {"source": "ZKRCSD01", "target": "ZREP_ZKRMSD01_Q003"}, {"source": "ZKRCSD01", "target": "ZREP_ZKRMSD03_Q011"}, {"source": "ZKRCSD01", "target": "ZREP_ZKRMSD01_TEST"}, {"source": "ZKRCSD01", "target": "ZREP_ZKRMSD01_Q008"}, {"source": "ZKRCSD01", "target": "ZREP_ZKRMSD01_Q005"}, {"source": "ZKRCSD01", "target": "ZREP_ZKRMSD03_Q014"}, {"source": "ZKRCSD01", "target": "ZREP_ZKRMSD03_Q004"}, {"source": "ZKRCSD01", "target": "ZREP_ZKRMSD03_Q010"}, {"source": "ZKRCSD01", "target": "ZREP_ZKRMSD03_Q012_1"}, {"source": "ZKRCSD01", "target": "ZREP_DASH_ZKRMSD03_Q004"}, {"source": "ZKRCSD02", "target": "ZREP_ZKRMSD02_Q002"}, {"source": "ZKRCSD02", "target": "ZREP_ZKRMSD01_Q012"}, {"source": "ZKRCSD02", "target": "ZREP_ZKRMSD01_Q011"}, {"source": "ZKRCSD02", "target": "ZREP_ZKRMSD01_Q001"}, {"source": "ZKRCSD02", "target": "ZREP_DASH_ZKRMSD02_Q001"}, {"source": "ZKRCSD02", "target": "ZREP_ZKRMSD01_Q005"}, {"source": "ZKRCSD02", "target": "ZREP_ZKRMSD01_Q010_TESTT"}, {"source": "ZKRCSD02", "target": "ZREP_ZKRMSD01_Q012_TEST"}, {"source": "ZKRCSD02", "target": "ZREP_ZKRMSD01_Q007"}, {"source": "ZKRCSD02", "target": "ZREP_ZKRMSD01_Q010"}, {"source": "ZKRCSD02", "target": "ZREP_ZKRMSD01_Q006"}, {"source": "ZKRCSD02", "target": "ZREP_ZKRMSD01_TEST"}, {"source": "ZKRCSD02", "target": "ZREP_ZKRMSD01_Q003"}, {"source": "ZKRCSD02", "target": "ZREP_ZKRMSD01_Q004"}, {"source": "ZKRCSD02", "target": "ZREP_ZKRMSD01_Q008"}, {"source": "ZKRCSD02", "target": "ZREP_ZKRMSD02_Q001"}, {"source": "ZKRCSD02", "target": "ZREP_ZKRMSD01_Q003TEST"}, {"source": "ZKRCSD02", "target": "ZREP_ZKRMSD01_Q002"}, {"source": "ZKRCSD03", "target": "ZREP_ZKRMSD01_Q011"}, {"source": "ZKRCSD03", "target": "ZREP_ZKRMSD01_Q010_TESTT"}, {"source": "ZKRCSD03", "target": "ZREP_ZKRMSD01_Q002"}, {"source": "ZKRCSD03", "target": "ZREP_ZKRMSD01_Q006"}, {"source": "ZKRCSD03", "target": "ZREP_ZKRMSD01_Q001"}, {"source": "ZKRCSD03", "target": "ZREP_ZKRMSD01_Q012"}, {"source": "ZKRCSD03", "target": "ZREP_ZKRMSD01_Q008"}, {"source": "ZKRCSD03", "target": "ZREP_ZKRMSD01_Q007"}, {"source": "ZKRCSD03", "target": "ZREP_ZKRMSD01_Q005"}, {"source": "ZKRCSD03", "target": "ZREP_ZKRMSD01_Q012_TEST"}, {"source": "ZKRCSD03", "target": "ZREP_ZKRMSD01_Q003TEST"}, {"source": "ZKRCSD03", "target": "ZREP_ZKRMSD01_Q003"}, {"source": "ZKRCSD03", "target": "ZREP_ZKRMSD01_TEST"}, {"source": "ZKRCSD03", "target": "ZREP_ZKRMSD01_Q004"}, {"source": "ZKRCSD03", "target": "ZREP_ZKRMSD01_Q010"}, {"source": "ZKRDAP03", "target": "ZREP_ZKRMAP01_Q001"}, {"source": "ZKRDAR03", "target": "ZREP_ZKRMSD03_Q004"}, {"source": "ZKRDAR03", "target": "ZREP_ZKRMSD03_Q007"}, {"source": "ZKRDAR03", "target": "ZREP_ZKRMSD03_Q009"}, {"source": "ZKRDAR03", "target": "ZREP_ZKRMSD03_Q003"}, {"source": "ZKRDAR03", "target": "ZREP_ZKRMSD03_Q008"}, {"source": "ZKRDAR03", "target": "ZREP_ZKRMSD03_Q013"}, {"source": "ZKRDAR03", "target": "ZREP_ZKRMSD03_Q001TEST"}, {"source": "ZKRDAR03", "target": "ZREP_ZKRMSD03_Q011"}, {"source": "ZKRDAR03", "target": "ZREP_DASH_ZKRMSD03_Q002"}, {"source": "ZKRDAR03", "target": "ZREP_ZKRMSD03_Q002SIL"}, {"source": "ZKRDAR03", "target": "ZYEDEK_ZKRMSD03_SIL"}, {"source": "ZKRDAR03", "target": "ZREP_ZKRMSD03_Q006"}, {"source": "ZKRDAR03", "target": "ZREP_ZKRMSD03_Q012"}, {"source": "ZKRDAR03", "target": "ZREP_DASH_ZKRMSD03_Q001"}, {"source": "ZKRDAR03", "target": "ZREP_ZKRMSD03_Q014"}, {"source": "ZKRDAR03", "target": "ZREP_ZKRMAR01_Q003"}, {"source": "ZKRDAR03", "target": "ZREP_ZKRMSD03_Q012SIL"}, {"source": "ZKRDAR03", "target": "ZREP_ZKRMSD03_Q001"}, {"source": "ZKRDAR03", "target": "ZREP_ZKRMSD03_Q012_1"}, {"source": "ZKRDAR03", "target": "ZREP_ZKRMAR01_Q002"}, {"source": "ZKRDAR03", "target": "ZREP_ZKRMAR01_Q001"}, {"source": "ZKRDAR03", "target": "ZREP_DASH_ZKRMSD03_Q003"}, {"source": "ZKRDAR03", "target": "ZREP_ZKRMSD03_Q006SIL"}, {"source": "ZKRDAR03", "target": "ZREP_ZKRMSD03_Q010"}, {"source": "ZKRDAR03", "target": "ZREP_ZKRMSD03_Q002"}, {"source": "ZKRDAR03", "target": "ZREP_DASH_ZKRMSD03_Q004"}, {"source": "ZKRDAR03", "target": "ZREP_ZKRMSD03_Q005"}, {"source": "ZKRDCC06", "target": "ZREP_ZKRMCC01_Q001"}, {"source": "ZKRDCC06", "target": "ZREP_ZKRMCC01_Q002TEST"}, {"source": "ZKRDCC06", "target": "ZREP_ZKRMGL03_Q001"}, {"source": "ZKRDCC06", "target": "ZREP_ZKRMCC01_Q002TEST1"}, {"source": "ZKRDCC06", "target": "ZREP_ZKRMCC01_Q002"}, {"source": "ZKRDCC06", "target": "ZREP_ZKRMCC01_Q001_08022019"}, {"source": "ZKRDCC06", "target": "ZREP_ZKRMGL02_Q006_20180410"}, {"source": "ZKRDCC06", "target": "ZREP_ZKRMGL02_Q011_20180410"}, {"source": "ZKRDCC06", "target": "ZREP_ZKRMGL02_Q010_20180410"}, {"source": "ZKRDCC06", "target": "ZREP_ZKRMSD01_Q012"}, {"source": "ZKRDCC06", "target": "ZREP_ZKRMGL02_Q006_20180405"}, {"source": "ZKRDCC06", "target": "ZREP_ZKRMGL02_Q007"}, {"source": "ZKRDCC06", "target": "ZREP_ZKRMSD01_Q012_TEST"}, {"source": "ZKRDCC06", "target": "ZREP_ZKRMGL02_Q001"}, {"source": "ZKRDCC06", "target": "ZREP_ZKRMSD01_Q005"}, {"source": "ZKRDCC06", "target": "ZREP_ZKRMGL02_Q010"}, {"source": "ZKRDCC06", "target": "ZREP_ZKRMSD01_Q010_TESTT"}, {"source": "ZKRDCC06", "target": "ZREP_ZKRMSD01_Q003TEST"}, {"source": "ZKRDCC06", "target": "ZREP_ZKRMGL02_Q002"}, {"source": "ZKRDCC06", "target": "ZSIL_ZREP_ZKRMGL02_Q006_2"}, {"source": "ZKRDCC06", "target": "ZREP_ZKRMSD01_Q011"}, {"source": "ZKRDCC06", "target": "ZREP_ZKRMSD01_Q004"}, {"source": "ZKRDCC06", "target": "ZREP_ZKRMGL02_Q005"}, {"source": "ZKRDCC06", "target": "ZREP_ZKRMGL02_Q002TEST"}, {"source": "ZKRDCC06", "target": "ZREP_ZKRMGL02_Q003"}, {"source": "ZKRDCC06", "target": "ZREP_ZKRMSD01_Q010"}, {"source": "ZKRDCC06", "target": "ZREP_ZKRMGL02_Q007_COPY"}, {"source": "ZKRDCC06", "target": "ZREP_ZKRMSD01_Q007"}, {"source": "ZKRDCC06", "target": "ZREP_ZKRMSD01_Q006"}, {"source": "ZKRDCC06", "target": "ZREP_ZKRMGL02_Q006"}, {"source": "ZKRDCC06", "target": "ZREP_ZKRMSD01_Q001"}, {"source": "ZKRDCC06", "target": "ZREP_ZKRMGL02_Q004"}, {"source": "ZKRDCC06", "target": "ZREP_ZKRMGL02_Q008_20180410"}, {"source": "ZKRDCC06", "target": "ZREP_ZKRMSD01_Q003"}, {"source": "ZKRDCC06", "target": "ZREP_ZKRMGL02_Q007_20180410"}, {"source": "ZKRDCC06", "target": "ZREP_ZKRMGL02_Q011"}, {"source": "ZKRDCC06", "target": "ZREP_ZKRMGL02_Q009"}, {"source": "ZKRDCC06", "target": "ZREP_ZKRMSD01_Q002"}, {"source": "ZKRDCC06", "target": "ZREP_ZKRMSD01_Q008"}, {"source": "ZKRDCC06", "target": "ZREP_ZKRMGL02_Q008"}, {"source": "ZKRDCC06", "target": "ZREP_ZKRMSD01_TEST"}, {"source": "ZKRDCC06", "target": "ZREP_ZKRMGL02_Q008TEST"}, {"source": "ZKRDCC06", "target": "ZREP_ZKRMGL02_RF_Q001"}, {"source": "ZKRDBP10", "target": "ZREP_ZKRMCC01_Q002TEST1"}, {"source": "ZKRDBP10", "target": "ZREP_ZKRMCC01_Q002TEST"}, {"source": "ZKRDBP10", "target": "ZREP_ZKRMCC01_Q001"}, {"source": "ZKRDBP10", "target": "ZREP_ZKRMCC01_Q002"}, {"source": "ZKRDBP10", "target": "ZREP_ZKRMGL03_Q001"}, {"source": "ZKRDBP10", "target": "ZREP_ZKRMCC01_Q001_08022019"}, {"source": "ZKRDBP10", "target": "ZREP_ZKRMSD01_Q003"}, {"source": "ZKRDBP10", "target": "ZREP_ZKRMSD01_TEST"}, {"source": "ZKRDBP10", "target": "ZREP_ZKRMSD01_Q001"}, {"source": "ZKRDBP10", "target": "ZREP_ZKRMGL02_Q008_20180410"}, {"source": "ZKRDBP10", "target": "ZREP_ZKRMSD01_Q012"}, {"source": "ZKRDBP10", "target": "ZREP_ZKRMGL02_RF_Q001"}, {"source": "ZKRDBP10", "target": "ZREP_ZKRMSD01_Q002"}, {"source": "ZKRDBP10", "target": "ZREP_ZKRMSD01_Q010"}, {"source": "ZKRDBP10", "target": "ZREP_ZKRMSD01_Q006"}, {"source": "ZKRDBP10", "target": "ZREP_ZKRMGL02_Q010"}, {"source": "ZKRDBP10", "target": "ZREP_ZKRMGL02_Q010_20180410"}, {"source": "ZKRDBP10", "target": "ZREP_ZKRMGL02_Q011_20180410"}, {"source": "ZKRDBP10", "target": "ZREP_ZKRMSD01_Q003TEST"}, {"source": "ZKRDBP10", "target": "ZREP_ZKRMGL02_Q006"}, {"source": "ZKRDBP10", "target": "ZREP_ZKRMGL02_Q006_20180410"}, {"source": "ZKRDBP10", "target": "ZSIL_ZREP_ZKRMGL02_Q006_2"}, {"source": "ZKRDBP10", "target": "ZREP_ZKRMGL02_Q007_20180410"}, {"source": "ZKRDBP10", "target": "ZREP_ZKRMSD01_Q007"}, {"source": "ZKRDBP10", "target": "ZREP_ZKRMGL02_Q009"}, {"source": "ZKRDBP10", "target": "ZREP_ZKRMGL02_Q002TEST"}, {"source": "ZKRDBP10", "target": "ZREP_ZKRMGL02_Q001"}, {"source": "ZKRDBP10", "target": "ZREP_ZKRMSD01_Q004"}, {"source": "ZKRDBP10", "target": "ZREP_ZKRMGL02_Q006_20180405"}, {"source": "ZKRDBP10", "target": "ZREP_ZKRMGL02_Q008"}, {"source": "ZKRDBP10", "target": "ZREP_ZKRMGL02_Q007"}, {"source": "ZKRDBP10", "target": "ZREP_ZKRMSD01_Q012_TEST"}, {"source": "ZKRDBP10", "target": "ZREP_ZKRMGL02_Q002"}, {"source": "ZKRDBP10", "target": "ZREP_ZKRMSD01_Q008"}, {"source": "ZKRDBP10", "target": "ZREP_ZKRMGL02_Q008TEST"}, {"source": "ZKRDBP10", "target": "ZREP_ZKRMSD01_Q010_TESTT"}, {"source": "ZKRDBP10", "target": "ZREP_ZKRMSD01_Q005"}, {"source": "ZKRDBP10", "target": "ZREP_ZKRMGL02_Q011"}, {"source": "ZKRDBP10", "target": "ZREP_ZKRMSD01_Q011"}, {"source": "ZKRDBP10", "target": "ZREP_ZKRMGL02_Q004"}, {"source": "ZKRDBP10", "target": "ZREP_ZKRMGL02_Q007_COPY"}, {"source": "ZKRDBP10", "target": "ZREP_ZKRMGL02_Q003"}, {"source": "ZKRDBP10", "target": "ZREP_ZKRMGL02_Q005"}, {"source": "ZKRDBP09", "target": "ZREP_ZKRMSD01_Q008"}, {"source": "ZKRDBP09", "target": "ZREP_ZKRMSD01_Q012_TEST"}, {"source": "ZKRDBP09", "target": "ZREP_ZKRMSD01_Q004"}, {"source": "ZKRDBP09", "target": "ZREP_ZKRMSD01_Q002"}, {"source": "ZKRDBP09", "target": "ZREP_ZKRMSD01_Q006"}, {"source": "ZKRDBP09", "target": "ZREP_ZKRMSD01_Q010"}, {"source": "ZKRDBP09", "target": "ZREP_ZKRMSD01_Q003TEST"}, {"source": "ZKRDBP09", "target": "ZREP_ZKRMSD01_Q010_TESTT"}, {"source": "ZKRDBP09", "target": "ZREP_ZKRMSD01_Q001"}, {"source": "ZKRDBP09", "target": "ZREP_ZKRMSD01_TEST"}, {"source": "ZKRDBP09", "target": "ZREP_ZKRMPC02_Q001"}, {"source": "ZKRDBP09", "target": "ZREP_ZKRMSD01_Q005"}, {"source": "ZKRDBP09", "target": "ZREP_ZKRMSD01_Q007"}, {"source": "ZKRDBP09", "target": "ZREP_ZKRMSD01_Q011"}, {"source": "ZKRDBP09", "target": "ZREP_ZKRMSD01_Q012"}, {"source": "ZKRDBP09", "target": "ZREP_ZKRMSD01_Q003"}, {"source": "ZKRDBP09", "target": "ZREP_ZKRMPC03_Q001"}, {"source": "ZKRDBF01", "target": "ZREP_ZKRMCC01_Q002"}, {"source": "ZKRDBF01", "target": "ZREP_ZKRMCC01_Q001"}, {"source": "ZKRDBF01", "target": "ZREP_ZKRMCC01_Q002TEST"}, {"source": "ZKRDBF01", "target": "ZREP_ZKRMCC01_Q001_08022019"}, {"source": "ZKRDBF01", "target": "ZREP_ZKRMCC01_Q002TEST1"}, {"source": "ZKRDBF01", "target": "ZREP_ZKRMGL02_Q008TEST"}, {"source": "ZKRDBF01", "target": "ZREP_ZKRMGL02_Q004"}, {"source": "ZKRDBF01", "target": "ZREP_ZKRMGL02_Q003"}, {"source": "ZKRDBF01", "target": "ZREP_ZKRMGL02_Q008_20180410"}, {"source": "ZKRDBF01", "target": "ZREP_ZKRMGL02_Q001"}, {"source": "ZKRDBF01", "target": "ZSIL_ZREP_ZKRMGL02_Q006_2"}, {"source": "ZKRDBF01", "target": "ZREP_ZKRMGL02_Q006_20180410"}, {"source": "ZKRDBF01", "target": "ZREP_ZKRMGL02_Q008"}, {"source": "ZKRDBF01", "target": "ZREP_ZKRMGL02_Q007"}, {"source": "ZKRDBF01", "target": "ZREP_ZKRMGL02_Q009"}, {"source": "ZKRDBF01", "target": "ZREP_ZKRMGL02_Q010"}, {"source": "ZKRDBF01", "target": "ZREP_ZKRMGL02_Q010_20180410"}, {"source": "ZKRDBF01", "target": "ZREP_ZKRMGL02_Q002TEST"}, {"source": "ZKRDBF01", "target": "ZREP_ZKRMGL02_Q002"}, {"source": "ZKRDBF01", "target": "ZREP_ZKRMGL02_Q005"}, {"source": "ZKRDBF01", "target": "ZREP_ZKRMGL02_Q006_20180405"}, {"source": "ZKRDBF01", "target": "ZREP_ZKRMGL02_Q007_COPY"}, {"source": "ZKRDBF01", "target": "ZREP_ZKRMGL02_RF_Q001"}, {"source": "ZKRDBF01", "target": "ZREP_ZKRMGL02_Q011"}, {"source": "ZKRDBF01", "target": "ZREP_ZKRMGL02_Q006"}, {"source": "ZKRDBF01", "target": "ZREP_ZKRMGL02_Q007_20180410"}, {"source": "ZKRDBF01", "target": "ZREP_ZKRMGL02_Q011_20180410"}, {"source": "ZKRDGL10", "target": "ZREP_ZKRMGL03_Q001"}, {"source": "ZKRDGL10", "target": "ZREP_ZKRMGL01_Q001"}, {"source": "ZKRDGL10", "target": "ZREP_ZKRMGL02_Q008TEST"}, {"source": "ZKRDGL10", "target": "ZREP_ZKRMGL02_Q007_COPY"}, {"source": "ZKRDGL10", "target": "ZREP_ZKRMGL02_Q007"}, {"source": "ZKRDGL10", "target": "ZREP_ZKRMGL02_Q003"}, {"source": "ZKRDGL10", "target": "ZREP_ZKRMGL02_Q006"}, {"source": "ZKRDGL10", "target": "ZREP_ZKRMGL02_Q010_20180410"}, {"source": "ZKRDGL10", "target": "ZSIL_ZREP_ZKRMGL02_Q006_2"}, {"source": "ZKRDGL10", "target": "ZREP_ZKRMGL02_Q010"}, {"source": "ZKRDGL10", "target": "ZREP_ZKRMGL02_Q006_20180410"}, {"source": "ZKRDGL10", "target": "ZREP_ZKRMGL02_Q009"}, {"source": "ZKRDGL10", "target": "ZREP_ZKRMGL02_RF_Q001"}, {"source": "ZKRDGL10", "target": "ZREP_ZKRMGL02_Q008_20180410"}, {"source": "ZKRDGL10", "target": "ZREP_ZKRMGL02_Q002"}, {"source": "ZKRDGL10", "target": "ZREP_ZKRMGL02_Q011"}, {"source": "ZKRDGL10", "target": "ZREP_ZKRMGL02_Q001"}, {"source": "ZKRDGL10", "target": "ZREP_ZKRMGL02_Q002TEST"}, {"source": "ZKRDGL10", "target": "ZREP_ZKRMGL02_Q011_20180410"}, {"source": "ZKRDGL10", "target": "ZREP_ZKRMGL02_Q007_20180410"}, {"source": "ZKRDGL10", "target": "ZREP_ZKRMGL02_Q005"}, {"source": "ZKRDGL10", "target": "ZREP_ZKRMGL02_Q008"}, {"source": "ZKRDGL10", "target": "ZREP_ZKRMGL02_Q006_20180405"}, {"source": "ZKRDGL10", "target": "ZREP_ZKRMGL02_Q004"}, {"source": "ZKRDGL09", "target": "ZREP_ZKRMGL01_Q001"}, {"source": "ZKRDGL09", "target": "ZREP_ZKRMGL03_Q001"}, {"source": "ZKRDGL13", "target": "ZREP_ZKRMGL01_Q001"}, {"source": "ZKRDGL13", "target": "ZREP_ZKRMGL03_Q001"}, {"source": "ZKRDBF06", "target": "ZREP_ZKRMPP02_Q001"}, {"source": "ZKRDBF06", "target": "ZREP_ZKRMPP01_Q001"}, {"source": "ZKRDGL20", "target": "ZREP_ZKRMGL02_Q004"}, {"source": "ZKRDGL20", "target": "ZREP_ZKRMGL02_Q011"}, {"source": "ZKRDGL20", "target": "ZREP_ZKRMGL02_Q008"}, {"source": "ZKRDGL20", "target": "ZREP_ZKRMGL02_Q001"}, {"source": "ZKRDGL20", "target": "ZREP_ZKRMGL02_Q007_COPY"}, {"source": "ZKRDGL20", "target": "ZREP_ZKRMGL02_RF_Q001"}, {"source": "ZKRDGL20", "target": "ZREP_ZKRMGL02_Q006_20180405"}, {"source": "ZKRDGL20", "target": "ZREP_ZKRMGL02_Q011_20180410"}, {"source": "ZKRDGL20", "target": "ZREP_ZKRMGL02_Q010_20180410"}, {"source": "ZKRDGL20", "target": "ZREP_ZKRMGL02_Q009"}, {"source": "ZKRDGL20", "target": "ZREP_ZKRMGL02_Q006"}, {"source": "ZKRDGL20", "target": "ZREP_ZKRMGL02_Q007"}, {"source": "ZKRDGL20", "target": "ZREP_ZKRMGL02_Q006_20180410"}, {"source": "ZKRDGL20", "target": "ZREP_ZKRMGL02_Q005"}, {"source": "ZKRDGL20", "target": "ZREP_ZKRMGL02_Q010"}, {"source": "ZKRDGL20", "target": "ZREP_ZKRMGL02_Q002"}, {"source": "ZKRDGL20", "target": "ZREP_ZKRMGL02_Q007_20180410"}, {"source": "ZKRDGL20", "target": "ZREP_ZKRMGL02_Q003"}, {"source": "ZKRDGL20", "target": "ZREP_ZKRMGL02_Q008TEST"}, {"source": "ZKRDGL20", "target": "ZREP_ZKRMGL02_Q008_20180410"}, {"source": "ZKRDGL20", "target": "ZSIL_ZREP_ZKRMGL02_Q006_2"}, {"source": "ZKRDGL20", "target": "ZREP_ZKRMGL02_Q002TEST"}, {"source": "ZKRDGL20", "target": "ZREP_ZKRMPC03_Q001"}, {"source": "ZKRDMM07", "target": "ZREP_ZKRMMM05_Q001"}, {"source": "ZKRDMM08", "target": "ZREP_ZKRMMM07_Q001"}, {"source": "ZKRDBF04", "target": "ZREP_ZKRMMM10_Q001"}, {"source": "ZKRDBF04", "target": "ZREP_ZKRMMM10_Q001TEST"}, {"source": "ZKRDSD15", "target": "ZREP_ZKRMPC04_Q001TEST"}, {"source": "ZKRDSD15", "target": "ZREP_ZKRMPC04_Q001"}, {"source": "ZKRDSD15", "target": "ZREP_ZKRMPC04_Q001TEST1"}, {"source": "ZKRDSD15", "target": "ZREP_ZKRMPC04_Q002"}, {"source": "ZKRDTX01", "target": "ZREP_ZKRMTX01_Q001"}]}