{"directed": true, "multigraph": false, "graph": {}, "nodes": [{"id": 0}, {"id": 1}, {"id": 2}, {"id": 3}, {"id": 4}, {"id": 5}, {"id": 6}, {"id": 7}, {"id": 8}, {"id": 9}, {"id": 10}, {"id": 11}, {"id": 12}, {"id": 13}, {"id": 14}, {"id": 15}, {"id": 16}, {"id": 17}, {"id": 18}, {"id": 19}, {"id": 20}, {"id": 21}, {"id": 22}, {"id": 23}, {"id": 24}, {"id": 25}, {"id": 26}, {"id": 27}, {"id": 28}, {"id": 29}, {"id": 30}, {"id": 31}, {"id": 32}, {"id": 33}, {"id": 34}, {"id": 35}, {"id": 36}, {"id": 37}, {"id": 38}, {"id": 39}, {"id": 40}, {"id": 41}, {"id": 42}, {"id": 43}, {"id": 44}, {"id": 45}, {"id": 46}, {"id": 47}, {"id": 48}, {"id": 49}, {"id": 50}, {"id": 51}, {"id": 52}, {"id": 53}, {"id": 54}, {"id": 55}, {"id": 56}, {"id": 57}, {"id": 58}, {"id": 59}, {"id": 60}, {"id": 61}, {"id": 62}, {"id": 63}, {"id": 64}, {"id": 65}, {"id": 66}, {"id": 67}, {"id": 68}, {"id": 69}, {"id": 70}, {"id": 71}, {"id": 72}, {"id": 73}, {"id": 74}, {"id": 75}, {"id": 76}], "links": [{"source": 21, "target": 66}, {"source": 31, "target": 36}, {"source": 32, "target": 36}, {"source": 32, "target": 41}, {"source": 33, "target": 35}, {"source": 34, "target": 36}, {"source": 37, "target": 36}, {"source": 38, "target": 39}, {"source": 39, "target": 28}, {"source": 40, "target": 28}, {"source": 42, "target": 28}, {"source": 43, "target": 28}, {"source": 44, "target": 39}, {"source": 44, "target": 42}, {"source": 44, "target": 43}, {"source": 44, "target": 47}, {"source": 44, "target": 46}, {"source": 44, "target": 49}, {"source": 44, "target": 51}, {"source": 44, "target": 52}, {"source": 44, "target": 53}, {"source": 44, "target": 48}, {"source": 45, "target": 36}, {"source": 45, "target": 22}, {"source": 50, "target": 54}, {"source": 54, "target": 30}, {"source": 55, "target": 40}, {"source": 57, "target": 15}, {"source": 58, "target": 20}, {"source": 59, "target": 17}, {"source": 60, "target": 18}, {"source": 61, "target": 18}, {"source": 64, "target": 19}, {"source": 65, "target": 29}, {"source": 67, "target": 30}, {"source": 68, "target": 30}, {"source": 69, "target": 67}, {"source": 70, "target": 68}, {"source": 71, "target": 23}, {"source": 71, "target": 75}, {"source": 71, "target": 76}, {"source": 72, "target": 24}, {"source": 73, "target": 74}, {"source": 73, "target": 25}, {"source": 74, "target": 56}]}