{
 "links": [
  {
   "source": "0CO_PC_ACT_10                 KRT300",
   "target": "ZKRCPC01",
   "value": 2
  },
  {
   "source": "0FI_AP_3                      KRT300",
   "target": "ZKRDAP03",
   "value": 2
  },
  {
   "source": "0FI_AR_4                      KRT300",
   "target": "ZKRDAR03",
   "value": 3
  },
  {
   "source": "0FI_GL_10                     KRT300",
   "target": "ZKRDGL06",
   "value": 3
  },
  {
   "source": "0FI_GL_4                      KRT300",
   "target": "ZKRDGL04",
   "value": 3
  },
  {
   "source": "0FI_GL_6                      KRT300",
   "target": "ZKRDGL05",
   "value": 1
  },
  {
   "source": "0FI_TX_4                      KRT300",
   "target": "ZKRDTX01",
   "value": 2
  },
  {
   "source": "2LIS_02_CGR                   KRT300",
   "target": "ZKRDMM10",
   "value": 1
  },
  {
   "source": "2LIS_02_ITM                   KRT300",
   "target": "ZKRDMM08",
   "value": 1
  },
  {
   "source": "2LIS_02_ITM                   KRT300",
   "target": "ZKRDMM10",
   "value": 2
  },
  {
   "source": "2LIS_02_SCL                   KRT300",
   "target": "ZKRDMM07",
   "value": 2
  },
  {
   "source": "2LIS_02_SCN                   KRT300",
   "target": "ZKRDMM10",
   "value": 1
  },
  {
   "source": "2LIS_02_SGR                   KRT300",
   "target": "ZKRDMM07",
   "value": 2
  },
  {
   "source": "2LIS_02_SGR                   KRT300",
   "target": "ZKRDMM10",
   "value": 1
  },
  {
   "source": "2LIS_03_BF                    KRT300",
   "target": "ZKRCMM02",
   "value": 3
  },
  {
   "source": "2LIS_03_BX                    KRT300",
   "target": "ZKRCMM02",
   "value": 1
  },
  {
   "source": "80FIAR_O03                    KBPCLNT103",
   "target": "ZKRDAR03",
   "value": 1
  },
  {
   "source": "80FIGL_O02                    KBPCLNT103",
   "target": "ZKRDGL04",
   "value": 1
  },
  {
   "source": "80FIGL_O06                    KBPCLNT103",
   "target": "ZKRDGL06",
   "value": 1
  },
  {
   "source": "80FITX_O03                    KBPCLNT103",
   "target": "ZKRDTX01",
   "value": 1
  },
  {
   "source": "8KC_COPC1                     KBPCLNT103",
   "target": "ZKRCPC01",
   "value": 1
  },
  {
   "source": "8KWURTVER                     KBPCLNT103",
   "target": "ZKRDMM02",
   "value": 1
  },
  {
   "source": "BW_PAKETLEME                  KORWOS",
   "target": "ZKRDMM02",
   "value": 1
  },
  {
   "source": "CDGL06",
   "target": "ZKRDGL06",
   "value": 1
  },
  {
   "source": "TE10",
   "target": "ZKRDMM10",
   "value": 1
  },
  {
   "source": "ZBW_URETIM                    KRT300",
   "target": "ZKRDPP02",
   "value": 2
  },
  {
   "source": "ZBW_URETIM_SERI               KRT300",
   "target": "ZKRDPP03",
   "value": 1
  },
  {
   "source": "ZEBAN_BW                      KRT300",
   "target": "ZKRDMM09",
   "value": 1
  },
  {
   "source": "ZFI_YEVMIYE                   KRT300",
   "target": "ZKRDTX01",
   "value": 2
  },
  {
   "source": "ZKRCPC01",
   "target": "ZKRDPC02",
   "value": 1
  },
  {
   "source": "ZKRDBF11",
   "target": "ZKRDBP10",
   "value": 2
  },
  {
   "source": "ZKRDBP01",
   "target": "ZKRDBP10",
   "value": 2
  },
  {
   "source": "ZKRDBP01",
   "target": "ZKRDCC06",
   "value": 2
  },
  {
   "source": "ZKRDBP07",
   "target": "ZKRDBP09",
   "value": 6
  },
  {
   "source": "ZKRDBP08",
   "target": "ZKRDBP10",
   "value": 2
  },
  {
   "source": "ZKRDBP08",
   "target": "ZKRDCC06",
   "value": 1
  },
  {
   "source": "ZKRDBP11",
   "target": "ZKRDBP10",
   "value": 3
  },
  {
   "source": "ZKRDCC03",
   "target": "ZKRDCC04",
   "value": 2
  },
  {
   "source": "ZKRDCC04",
   "target": "ZKRDBF01",
   "value": 2
  },
  {
   "source": "ZKRDCC05",
   "target": "ZKRDBF01",
   "value": 2
  },
  {
   "source": "ZKRDCC07",
   "target": "ZKRDBF01",
   "value": 2
  },
  {
   "source": "ZKRDCC08",
   "target": "ZKRDBF01",
   "value": 2
  },
  {
   "source": "ZKRDGL04",
   "target": "ZKRDCC04",
   "value": 3
  },
  {
   "source": "ZKRDGL04",
   "target": "ZKRDCC07",
   "value": 3
  },
  {
   "source": "ZKRDGL04",
   "target": "ZKRDCC08",
   "value": 3
  },
  {
   "source": "ZKRDGL04",
   "target": "ZKRDGL07",
   "value": 2
  },
  {
   "source": "ZKRDGL04",
   "target": "ZKRDGL08",
   "value": 2
  },
  {
   "source": "ZKRDGL04",
   "target": "ZKRDGL09",
   "value": 1
  },
  {
   "source": "ZKRDGL04",
   "target": "ZKRDGL10",
   "value": 6
  },
  {
   "source": "ZKRDGL04",
   "target": "ZKRDGL12",
   "value": 1
  },
  {
   "source": "ZKRDGL04",
   "target": "ZKRDGL13",
   "value": 1
  },
  {
   "source": "ZKRDGL04",
   "target": "ZKRDGL14",
   "value": 1
  },
  {
   "source": "ZKRDGL06",
   "target": "CDGL06",
   "value": 1
  },
  {
   "source": "ZKRDGL06",
   "target": "ZKRBP10C",
   "value": 1
  },
  {
   "source": "ZKRDGL06",
   "target": "ZKRCPC02",
   "value": 1
  },
  {
   "source": "ZKRDGL06",
   "target": "ZKRDBP10",
   "value": 3
  },
  {
   "source": "ZKRDGL11",
   "target": "ZKRDGL16",
   "value": 1
  },
  {
   "source": "ZKRDGL16",
   "target": "ZKRDBF06",
   "value": 2
  },
  {
   "source": "ZKRDGL17",
   "target": "ZKRDCC05",
   "value": 4
  },
  {
   "source": "ZKRDMM01",
   "target": "ZKRCMM01",
   "value": 3
  },
  {
   "source": "ZKRDMM02",
   "target": "ZKRCMM06",
   "value": 1
  },
  {
   "source": "ZKRDMM03",
   "target": "ZKRCMM03",
   "value": 1
  },
  {
   "source": "ZKRDMM05",
   "target": "ZKRCMM04",
   "value": 1
  },
  {
   "source": "ZKRDMM06",
   "target": "ZKRCMM04",
   "value": 1
  },
  {
   "source": "ZKRDMM09",
   "target": "ZKRCMM05",
   "value": 1
  },
  {
   "source": "ZKRDMM10",
   "target": "TE10",
   "value": 1
  },
  {
   "source": "ZKRDMM10",
   "target": "ZKRDBF04",
   "value": 1
  },
  {
   "source": "ZKRDPP02",
   "target": "ZKRDBF06",
   "value": 2
  },
  {
   "source": "ZKRDPP03",
   "target": "ZKRDBF06",
   "value": 2
  },
  {
   "source": "ZKRDPP04",
   "target": "ZKRDPP02",
   "value": 1
  },
  {
   "source": "ZKRDPP05",
   "target": "ZKRDPP03",
   "value": 1
  },
  {
   "source": "ZKRDSD01",
   "target": "ZKRCSD01",
   "value": 1
  },
  {
   "source": "ZKRDSD01",
   "target": "ZKRDSD15",
   "value": 2
  },
  {
   "source": "ZKRDSD01",
   "target": "ZKRDTX01",
   "value": 1
  },
  {
   "source": "ZKRDSD03",
   "target": "ZKRCSD02",
   "value": 1
  },
  {
   "source": "ZKRDSD13",
   "target": "ZKRCSD03",
   "value": 1
  },
  {
   "source": "ZKRDSD13",
   "target": "ZKRDSD14",
   "value": 3
  },
  {
   "source": "ZKRDSD14",
   "target": "ZKRDGL20",
   "value": 10
  }
 ],
 "nodes": [
  {
   "name": "0CO_PC_ACT_10                 KRT300"
  },
  {
   "name": "0FI_AP_3                      KRT300"
  },
  {
   "name": "0FI_AR_4                      KRT300"
  },
  {
   "name": "0FI_GL_10                     KRT300"
  },
  {
   "name": "0FI_GL_4                      KRT300"
  },
  {
   "name": "0FI_GL_6                      KRT300"
  },
  {
   "name": "0FI_TX_4                      KRT300"
  },
  {
   "name": "2LIS_02_CGR                   KRT300"
  },
  {
   "name": "2LIS_02_ITM                   KRT300"
  },
  {
   "name": "2LIS_02_SCL                   KRT300"
  },
  {
   "name": "2LIS_02_SCN                   KRT300"
  },
  {
   "name": "2LIS_02_SGR                   KRT300"
  },
  {
   "name": "2LIS_03_BF                    KRT300"
  },
  {
   "name": "2LIS_03_BX                    KRT300"
  },
  {
   "name": "80FIAR_O03                    KBPCLNT103"
  },
  {
   "name": "80FIGL_O02                    KBPCLNT103"
  },
  {
   "name": "80FIGL_O06                    KBPCLNT103"
  },
  {
   "name": "80FITX_O03                    KBPCLNT103"
  },
  {
   "name": "8KC_COPC1                     KBPCLNT103"
  },
  {
   "name": "8KWURTVER                     KBPCLNT103"
  },
  {
   "name": "BW_PAKETLEME                  KORWOS"
  },
  {
   "name": "CDGL06"
  },
  {
   "name": "TE10"
  },
  {
   "name": "ZBW_URETIM                    KRT300"
  },
  {
   "name": "ZBW_URETIM_SERI               KRT300"
  },
  {
   "name": "ZEBAN_BW                      KRT300"
  },
  {
   "name": "ZFI_YEVMIYE                   KRT300"
  },
  {
   "name": "ZKRCPC01"
  },
  {
   "name": "ZKRDBF11"
  },
  {
   "name": "ZKRDBP01"
  },
  {
   "name": "ZKRDBP07"
  },
  {
   "name": "ZKRDBP08"
  },
  {
   "name": "ZKRDBP11"
  },
  {
   "name": "ZKRDCC03"
  },
  {
   "name": "ZKRDCC04"
  },
  {
   "name": "ZKRDCC05"
  },
  {
   "name": "ZKRDCC07"
  },
  {
   "name": "ZKRDCC08"
  },
  {
   "name": "ZKRDGL04"
  },
  {
   "name": "ZKRDGL06"
  },
  {
   "name": "ZKRDGL11"
  },
  {
   "name": "ZKRDGL16"
  },
  {
   "name": "ZKRDGL17"
  },
  {
   "name": "ZKRDMM01"
  },
  {
   "name": "ZKRDMM02"
  },
  {
   "name": "ZKRDMM03"
  },
  {
   "name": "ZKRDMM05"
  },
  {
   "name": "ZKRDMM06"
  },
  {
   "name": "ZKRDMM09"
  },
  {
   "name": "ZKRDMM10"
  },
  {
   "name": "ZKRDPP02"
  },
  {
   "name": "ZKRDPP03"
  },
  {
   "name": "ZKRDPP04"
  },
  {
   "name": "ZKRDPP05"
  },
  {
   "name": "ZKRDSD01"
  },
  {
   "name": "ZKRDSD03"
  },
  {
   "name": "ZKRDSD13"
  },
  {
   "name": "ZKRDSD14"
  },
  {
   "name": "ZKRDAP03"
  },
  {
   "name": "ZKRDAR03"
  },
  {
   "name": "ZKRDGL05"
  },
  {
   "name": "ZKRDTX01"
  },
  {
   "name": "ZKRDMM08"
  },
  {
   "name": "ZKRDMM07"
  },
  {
   "name": "ZKRCMM02"
  },
  {
   "name": "ZKRDPC02"
  },
  {
   "name": "ZKRDBP10"
  },
  {
   "name": "ZKRDCC06"
  },
  {
   "name": "ZKRDBP09"
  },
  {
   "name": "ZKRDBF01"
  },
  {
   "name": "ZKRDGL07"
  },
  {
   "name": "ZKRDGL08"
  },
  {
   "name": "ZKRDGL09"
  },
  {
   "name": "ZKRDGL10"
  },
  {
   "name": "ZKRDGL12"
  },
  {
   "name": "ZKRDGL13"
  },
  {
   "name": "ZKRDGL14"
  },
  {
   "name": "ZKRBP10C"
  },
  {
   "name": "ZKRCPC02"
  },
  {
   "name": "ZKRDBF06"
  },
  {
   "name": "ZKRCMM01"
  },
  {
   "name": "ZKRCMM06"
  },
  {
   "name": "ZKRCMM03"
  },
  {
   "name": "ZKRCMM04"
  },
  {
   "name": "ZKRCMM05"
  },
  {
   "name": "ZKRDBF04"
  },
  {
   "name": "ZKRCSD01"
  },
  {
   "name": "ZKRDSD15"
  },
  {
   "name": "ZKRCSD02"
  },
  {
   "name": "ZKRCSD03"
  },
  {
   "name": "ZKRDGL20"
  }
 ]
}