{
 "links": [
  {
   "source": 0,
   "target": 27,
   "value": 2
  },
  {
   "source": 1,
   "target": 58,
   "value": 2
  },
  {
   "source": 2,
   "target": 59,
   "value": 3
  },
  {
   "source": 3,
   "target": 39,
   "value": 3
  },
  {
   "source": 4,
   "target": 38,
   "value": 3
  },
  {
   "source": 5,
   "target": 60,
   "value": 1
  },
  {
   "source": 6,
   "target": 61,
   "value": 2
  },
  {
   "source": 7,
   "target": 49,
   "value": 1
  },
  {
   "source": 8,
   "target": 62,
   "value": 1
  },
  {
   "source": 8,
   "target": 49,
   "value": 2
  },
  {
   "source": 9,
   "target": 63,
   "value": 2
  },
  {
   "source": 10,
   "target": 49,
   "value": 1
  },
  {
   "source": 11,
   "target": 63,
   "value": 2
  },
  {
   "source": 11,
   "target": 49,
   "value": 1
  },
  {
   "source": 12,
   "target": 64,
   "value": 3
  },
  {
   "source": 13,
   "target": 64,
   "value": 1
  },
  {
   "source": 14,
   "target": 59,
   "value": 1
  },
  {
   "source": 15,
   "target": 38,
   "value": 1
  },
  {
   "source": 16,
   "target": 39,
   "value": 1
  },
  {
   "source": 17,
   "target": 61,
   "value": 1
  },
  {
   "source": 18,
   "target": 27,
   "value": 1
  },
  {
   "source": 19,
   "target": 44,
   "value": 1
  },
  {
   "source": 20,
   "target": 44,
   "value": 1
  },
  {
   "source": 21,
   "target": 39,
   "value": 1
  },
  {
   "source": 22,
   "target": 49,
   "value": 1
  },
  {
   "source": 23,
   "target": 50,
   "value": 2
  },
  {
   "source": 24,
   "target": 51,
   "value": 1
  },
  {
   "source": 25,
   "target": 48,
   "value": 1
  },
  {
   "source": 26,
   "target": 61,
   "value": 2
  },
  {
   "source": 27,
   "target": 65,
   "value": 1
  },
  {
   "source": 28,
   "target": 66,
   "value": 2
  },
  {
   "source": 29,
   "target": 66,
   "value": 2
  },
  {
   "source": 29,
   "target": 67,
   "value": 2
  },
  {
   "source": 30,
   "target": 68,
   "value": 6
  },
  {
   "source": 31,
   "target": 66,
   "value": 2
  },
  {
   "source": 31,
   "target": 67,
   "value": 1
  },
  {
   "source": 32,
   "target": 66,
   "value": 3
  },
  {
   "source": 33,
   "target": 34,
   "value": 2
  },
  {
   "source": 34,
   "target": 69,
   "value": 2
  },
  {
   "source": 35,
   "target": 69,
   "value": 2
  },
  {
   "source": 36,
   "target": 69,
   "value": 2
  },
  {
   "source": 37,
   "target": 69,
   "value": 2
  },
  {
   "source": 38,
   "target": 34,
   "value": 3
  },
  {
   "source": 38,
   "target": 36,
   "value": 3
  },
  {
   "source": 38,
   "target": 37,
   "value": 3
  },
  {
   "source": 38,
   "target": 70,
   "value": 2
  },
  {
   "source": 38,
   "target": 71,
   "value": 2
  },
  {
   "source": 38,
   "target": 72,
   "value": 1
  },
  {
   "source": 38,
   "target": 73,
   "value": 6
  },
  {
   "source": 38,
   "target": 74,
   "value": 1
  },
  {
   "source": 38,
   "target": 75,
   "value": 1
  },
  {
   "source": 38,
   "target": 76,
   "value": 1
  },
  {
   "source": 39,
   "target": 21,
   "value": 1
  },
  {
   "source": 39,
   "target": 77,
   "value": 1
  },
  {
   "source": 39,
   "target": 78,
   "value": 1
  },
  {
   "source": 39,
   "target": 66,
   "value": 3
  },
  {
   "source": 40,
   "target": 41,
   "value": 1
  },
  {
   "source": 41,
   "target": 79,
   "value": 2
  },
  {
   "source": 42,
   "target": 35,
   "value": 4
  },
  {
   "source": 43,
   "target": 80,
   "value": 3
  },
  {
   "source": 44,
   "target": 81,
   "value": 1
  },
  {
   "source": 45,
   "target": 82,
   "value": 1
  },
  {
   "source": 46,
   "target": 83,
   "value": 1
  },
  {
   "source": 47,
   "target": 83,
   "value": 1
  },
  {
   "source": 48,
   "target": 84,
   "value": 1
  },
  {
   "source": 49,
   "target": 22,
   "value": 1
  },
  {
   "source": 49,
   "target": 85,
   "value": 1
  },
  {
   "source": 50,
   "target": 79,
   "value": 2
  },
  {
   "source": 51,
   "target": 79,
   "value": 2
  },
  {
   "source": 52,
   "target": 50,
   "value": 1
  },
  {
   "source": 53,
   "target": 51,
   "value": 1
  },
  {
   "source": 54,
   "target": 86,
   "value": 1
  },
  {
   "source": 54,
   "target": 87,
   "value": 2
  },
  {
   "source": 54,
   "target": 61,
   "value": 1
  },
  {
   "source": 55,
   "target": 88,
   "value": 1
  },
  {
   "source": 56,
   "target": 89,
   "value": 1
  },
  {
   "source": 56,
   "target": 57,
   "value": 3
  },
  {
   "source": 57,
   "target": 90,
   "value": 10
  }
 ],
 "nodes": [
  {
   "name": "0CO_PC_ACT_10                 KRT300"
  },
  {
   "name": "0FI_AP_3                      KRT300"
  },
  {
   "name": "0FI_AR_4                      KRT300"
  },
  {
   "name": "0FI_GL_10                     KRT300"
  },
  {
   "name": "0FI_GL_4                      KRT300"
  },
  {
   "name": "0FI_GL_6                      KRT300"
  },
  {
   "name": "0FI_TX_4                      KRT300"
  },
  {
   "name": "2LIS_02_CGR                   KRT300"
  },
  {
   "name": "2LIS_02_ITM                   KRT300"
  },
  {
   "name": "2LIS_02_SCL                   KRT300"
  },
  {
   "name": "2LIS_02_SCN                   KRT300"
  },
  {
   "name": "2LIS_02_SGR                   KRT300"
  },
  {
   "name": "2LIS_03_BF                    KRT300"
  },
  {
   "name": "2LIS_03_BX                    KRT300"
  },
  {
   "name": "80FIAR_O03                    KBPCLNT103"
  },
  {
   "name": "80FIGL_O02                    KBPCLNT103"
  },
  {
   "name": "80FIGL_O06                    KBPCLNT103"
  },
  {
   "name": "80FITX_O03                    KBPCLNT103"
  },
  {
   "name": "8KC_COPC1                     KBPCLNT103"
  },
  {
   "name": "8KWURTVER                     KBPCLNT103"
  },
  {
   "name": "BW_PAKETLEME                  KORWOS"
  },
  {
   "name": "CDGL06"
  },
  {
   "name": "TE10"
  },
  {
   "name": "ZBW_URETIM                    KRT300"
  },
  {
   "name": "ZBW_URETIM_SERI               KRT300"
  },
  {
   "name": "ZEBAN_BW                      KRT300"
  },
  {
   "name": "ZFI_YEVMIYE                   KRT300"
  },
  {
   "name": "ZKRCPC01"
  },
  {
   "name": "ZKRDBF11"
  },
  {
   "name": "ZKRDBP01"
  },
  {
   "name": "ZKRDBP07"
  },
  {
   "name": "ZKRDBP08"
  },
  {
   "name": "ZKRDBP11"
  },
  {
   "name": "ZKRDCC03"
  },
  {
   "name": "ZKRDCC04"
  },
  {
   "name": "ZKRDCC05"
  },
  {
   "name": "ZKRDCC07"
  },
  {
   "name": "ZKRDCC08"
  },
  {
   "name": "ZKRDGL04"
  },
  {
   "name": "ZKRDGL06"
  },
  {
   "name": "ZKRDGL11"
  },
  {
   "name": "ZKRDGL16"
  },
  {
   "name": "ZKRDGL17"
  },
  {
   "name": "ZKRDMM01"
  },
  {
   "name": "ZKRDMM02"
  },
  {
   "name": "ZKRDMM03"
  },
  {
   "name": "ZKRDMM05"
  },
  {
   "name": "ZKRDMM06"
  },
  {
   "name": "ZKRDMM09"
  },
  {
   "name": "ZKRDMM10"
  },
  {
   "name": "ZKRDPP02"
  },
  {
   "name": "ZKRDPP03"
  },
  {
   "name": "ZKRDPP04"
  },
  {
   "name": "ZKRDPP05"
  },
  {
   "name": "ZKRDSD01"
  },
  {
   "name": "ZKRDSD03"
  },
  {
   "name": "ZKRDSD13"
  },
  {
   "name": "ZKRDSD14"
  },
  {
   "name": "ZKRDAP03"
  },
  {
   "name": "ZKRDAR03"
  },
  {
   "name": "ZKRDGL05"
  },
  {
   "name": "ZKRDTX01"
  },
  {
   "name": "ZKRDMM08"
  },
  {
   "name": "ZKRDMM07"
  },
  {
   "name": "ZKRCMM02"
  },
  {
   "name": "ZKRDPC02"
  },
  {
   "name": "ZKRDBP10"
  },
  {
   "name": "ZKRDCC06"
  },
  {
   "name": "ZKRDBP09"
  },
  {
   "name": "ZKRDBF01"
  },
  {
   "name": "ZKRDGL07"
  },
  {
   "name": "ZKRDGL08"
  },
  {
   "name": "ZKRDGL09"
  },
  {
   "name": "ZKRDGL10"
  },
  {
   "name": "ZKRDGL12"
  },
  {
   "name": "ZKRDGL13"
  },
  {
   "name": "ZKRDGL14"
  },
  {
   "name": "ZKRBP10C"
  },
  {
   "name": "ZKRCPC02"
  },
  {
   "name": "ZKRDBF06"
  },
  {
   "name": "ZKRCMM01"
  },
  {
   "name": "ZKRCMM06"
  },
  {
   "name": "ZKRCMM03"
  },
  {
   "name": "ZKRCMM04"
  },
  {
   "name": "ZKRCMM05"
  },
  {
   "name": "ZKRDBF04"
  },
  {
   "name": "ZKRCSD01"
  },
  {
   "name": "ZKRDSD15"
  },
  {
   "name": "ZKRCSD02"
  },
  {
   "name": "ZKRCSD03"
  },
  {
   "name": "ZKRDGL20"
  }
 ]
}